beta,avg_plaq,plaq_var,avg_sus,sus_var,binder_cum,binder_var
0.43475,0.484742,1.64213e-08,0.000560749,1.68466e-11,-0.0887769,0.000164163
0.43476,0.484763,1.64346e-08,0.000560898,1.68927e-11,-0.0888694,0.000164841
0.43477,0.484784,1.64479e-08,0.000561046,1.6939e-11,-0.0889621,0.000165521
0.43478,0.484805,1.64613e-08,0.000561195,1.69855e-11,-0.089055,0.000166204
0.43479,0.484826,1.64748e-08,0.000561344,1.70322e-11,-0.0891481,0.000166891
0.4348,0.484847,1.64883e-08,0.000561493,1.70791e-11,-0.0892413,0.00016758
0.43481,0.484868,1.65019e-08,0.000561642,1.71261e-11,-0.0893347,0.000168272
0.43482,0.484889,1.65155e-08,0.000561791,1.71734e-11,-0.0894282,0.000168967
0.43483,0.484911,1.65292e-08,0.00056194,1.72209e-11,-0.0895219,0.000169666
0.43484,0.484932,1.65429e-08,0.00056209,1.72685e-11,-0.0896158,0.000170367
0.43485,0.484953,1.65567e-08,0.000562239,1.73164e-11,-0.0897099,0.000171071
0.43486,0.484974,1.65706e-08,0.000562389,1.73644e-11,-0.0898041,0.000171778
0.43487,0.484995,1.65845e-08,0.000562539,1.74127e-11,-0.0898985,0.000172489
0.43488,0.485016,1.65985e-08,0.000562689,1.74612e-11,-0.089993,0.000173202
0.43489,0.485037,1.66125e-08,0.000562839,1.75098e-11,-0.0900878,0.000173918
0.4349,0.485058,1.66266e-08,0.000562989,1.75587e-11,-0.0901827,0.000174638
0.43491,0.485079,1.66407e-08,0.000563139,1.76078e-11,-0.0902778,0.00017536
0.43492,0.4851,1.66549e-08,0.000563289,1.7657e-11,-0.090373,0.000176086
0.43493,0.485122,1.66692e-08,0.00056344,1.77065e-11,-0.0904684,0.000176815
0.43494,0.485143,1.66835e-08,0.00056359,1.77562e-11,-0.090564,0.000177547
0.43495,0.485164,1.66979e-08,0.000563741,1.78061e-11,-0.0906598,0.000178282
0.43496,0.485185,1.67123e-08,0.000563892,1.78562e-11,-0.0907557,0.00017902
0.43497,0.485206,1.67268e-08,0.000564043,1.79065e-11,-0.0908518,0.000179761
0.43498,0.485227,1.67413e-08,0.000564194,1.7957e-11,-0.0909481,0.000180505
0.43499,0.485248,1.6756e-08,0.000564345,1.80077e-11,-0.0910446,0.000181253
0.435,0.48527,1.67706e-08,0.000564497,1.80586e-11,-0.0911412,0.000182004
0.43501,0.485291,1.67854e-08,0.000564648,1.81098e-11,-0.091238,0.000182758
0.43502,0.485312,1.68002e-08,0.0005648,1.81612e-11,-0.091335,0.000183515
0.43503,0.485333,1.6815e-08,0.000564951,1.82127e-11,-0.0914321,0.000184275
0.43504,0.485354,1.68299e-08,0.000565103,1.82645e-11,-0.0915294,0.000185039
0.43505,0.485375,1.68449e-08,0.000565255,1.83165e-11,-0.0916269,0.000185806
0.43506,0.485397,1.68599e-08,0.000565407,1.83687e-11,-0.0917246,0.000186576
0.43507,0.485418,1.6875e-08,0.000565559,1.84212e-11,-0.0918225,0.000187349
0.43508,0.485439,1.68902e-08,0.000565712,1.84738e-11,-0.0919205,0.000188126
0.43509,0.48546,1.69054e-08,0.000565864,1.85267e-11,-0.0920187,0.000188906
0.4351,0.485482,1.69207e-08,0.000566017,1.85798e-11,-0.0921171,0.000189689
0.43511,0.485503,1.6936e-08,0.000566169,1.86331e-11,-0.0922157,0.000190476
0.43512,0.485524,1.69514e-08,0.000566322,1.86866e-11,-0.0923144,0.000191266
0.43513,0.485545,1.69669e-08,0.000566475,1.87404e-11,-0.0924133,0.000192059
0.43514,0.485566,1.69824e-08,0.000566628,1.87943e-11,-0.0925124,0.000192855
0.43515,0.485588,1.6998e-08,0.000566781,1.88485e-11,-0.0926117,0.000193655
0.43516,0.485609,1.70136e-08,0.000566935,1.8903e-11,-0.0927111,0.000194459
0.43517,0.48563,1.70293e-08,0.000567088,1.89576e-11,-0.0928108,0.000195265
0.43518,0.485652,1.70451e-08,0.000567242,1.90125e-11,-0.0929106,0.000196075
0.43519,0.485673,1.7061e-08,0.000567395,1.90676e-11,-0.0930106,0.000196889
0.4352,0.485694,1.70769e-08,0.000567549,1.91229e-11,-0.0931107,0.000197705
0.43521,0.485715,1.70928e-08,0.000567703,1.91785e-11,-0.0932111,0.000198526
0.43522,0.485737,1.71089e-08,0.000567857,1.92343e-11,-0.0933116,0.000199349
0.43523,0.485758,1.7125e-08,0.000568011,1.92903e-11,-0.0934124,0.000200177
0.43524,0.485779,1.71411e-08,0.000568166,1.93466e-11,-0.0935133,0.000201007
0.43525,0.486458,2.66437e-08,0.000569125,2.07003e-11,-0.0985107,0.00043632
0.43526,0.48648,2.66514e-08,0.000569286,2.07632e-11,-0.0986416,0.000438547
0.43527,0.486501,2.66591e-08,0.000569446,2.08264e-11,-0.0987729,0.000440783
0.43528,0.486522,2.66669e-08,0.000569607,2.089e-11,-0.0989045,0.000443028
0.43529,0.486544,2.66747e-08,0.000569767,2.0954e-11,-0.0990365,0.00044528
0.4353,0.486565,2.66826e-08,0.000569928,2.10184e-11,-0.0991688,0.000447541
0.43531,0.486586,2.66905e-08,0.000570089,2.10831e-11,-0.0993015,0.000449811
0.43532,0.486608,2.66985e-08,0.00057025,2.11483e-11,-0.0994346,0.000452089
0.43533,0.486629,2.67066e-08,0.000570411,2.12138e-11,-0.0995679,0.000454375
0.43534,0.486651,2.67147e-08,0.000570573,2.12798e-11,-0.0997017,0.000456669
0.43535,0.486672,2.67228e-08,0.000570734,2.13461e-11,-0.0998358,0.000458972
0.43536,0.486693,2.67311e-08,0.000570896,2.14129e-11,-0.0999702,0.000461284
0.43537,0.486715,2.67394e-08,0.000571058,2.148e-11,-0.100105,0.000463603
0.43538,0.486736,2.67477e-08,0.00057122,2.15476e-11,-0.10024,0.000465931
0.43539,0.486758,2.67561e-08,0.000571382,2.16156e-11,-0.100376,0.000468267
0.4354,0.486779,2.67645e-08,0.000571544,2.16839e-11,-0.100512,0.000470611
0.43541,0.4868,2.6773e-08,0.000571706,2.17527e-11,-0.100648,0.000472964
0.43542,0.486822,2.67816e-08,0.000571869,2.1822e-11,-0.100784,0.000475325
0.43543,0.486843,2.67902e-08,0.000572031,2.18916e-11,-0.100921,0.000477694
0.43544,0.486865,2.67989e-08,0.000572194,2.19617e-11,-0.101059,0.000480072
0.43545,0.486886,2.68077e-08,0.000572357,2.20321e-11,-0.101196,0.000482457
0.43546,0.486908,2.68165e-08,0.00057252,2.21031e-11,-0.101334,0.000484851
0.43547,0.486929,2.68253e-08,0.000572683,2.21744e-11,-0.101473,0.000487253
0.43548,0.486951,2.68343e-08,0.000572846,2.22462e-11,-0.101612,0.000489663
0.43549,0.486972,2.68433e-08,0.00057301,2.23184e-11,-0.101751,0.000492081
0.4355,0.486994,2.68523e-08,0.000573173,2.23911e-11,-0.10189,0.000494508
0.43551,0.487015,2.68614e-08,0.000573337,2.24642e-11,-0.10203,0.000496942
0.43552,0.487037,2.68706e-08,0.000573501,2.25378e-11,-0.102171,0.000499385
0.43553,0.487058,2.68798e-08,0.000573665,2.26118e-11,-0.102311,0.000501835
0.43554,0.48708,2.68891e-08,0.000573829,2.26863e-11,-0.102452,0.000504294
0.43555,0.487101,2.68984e-08,0.000573993,2.27612e-11,-0.102594,0.000506761
0.43556,0.487123,2.69079e-08,0.000574158,2.28366e-11,-0.102735,0.000509236
0.43557,0.487144,2.69173e-08,0.000574322,2.29125e-11,-0.102878,0.000511718
0.43558,0.487166,2.69269e-08,0.000574487,2.29888e-11,-0.10302,0.000514209
0.43559,0.487187,2.69365e-08,0.000574652,2.30656e-11,-0.103163,0.000516707
0.4356,0.487209,2.69461e-08,0.000574817,2.31429e-11,-0.103306,0.000519214
0.43561,0.48723,2.69559e-08,0.000574982,2.32207e-11,-0.10345,0.000521728
0.43562,0.487252,2.69657e-08,0.000575147,2.32989e-11,-0.103594,0.00052425
0.43563,0.487274,2.69755e-08,0.000575313,2.33776e-11,-0.103738,0.00052678
0.43564,0.487295,2.69854e-08,0.000575478,2.34568e-11,-0.103883,0.000529318
0.43565,0.487317,2.69954e-08,0.000575644,2.35365e-11,-0.104029,0.000531864
0.43566,0.487338,2.70055e-08,0.00057581,2.36167e-11,-0.104174,0.000534417
0.43567,0.48736,2.70156e-08,0.000575976,2.36974e-11,-0.10432,0.000536978
0.43568,0.487382,2.70258e-08,0.000576142,2.37786e-11,-0.104466,0.000539547
0.43569,0.487403,2.7036e-08,0.000576308,2.38603e-11,-0.104613,0.000542123
0.4357,0.487425,2.70463e-08,0.000576475,2.39426e-11,-0.10476,0.000544708
0.43571,0.487446,2.70567e-08,0.000576642,2.40253e-11,-0.104908,0.000547299
0.43572,0.487468,2.70671e-08,0.000576808,2.41085e-11,-0.105056,0.000549898
0.43573,0.48749,2.70777e-08,0.000576975,2.41923e-11,-0.105204,0.000552505
0.43574,0.487511,2.70882e-08,0.000577142,2.42766e-11,-0.105353,0.000555119
0.43575,0.48705,2.83042e-08,0.000566483,1.7544e-11,-0.0694743,0.000138113
0.43576,0.487071,2.83283e-08,0.000566631,1.75704e-11,-0.0695029,0.000138525
0.43577,0.487093,2.83525e-08,0.000566779,1.7597e-11,-0.0695315,0.000138938
0.43578,0.487114,2.83767e-08,0.000566927,1.76237e-11,-0.0695601,0.000139353
0.43579,0.487135,2.84011e-08,0.000567075,1.76505e-11,-0.0695887,0.000139769
0.4358,0.487156,2.84255e-08,0.000567224,1.76774e-11,-0.0696173,0.000140187
0.43581,0.487178,2.84501e-08,0.000567372,1.77044e-11,-0.0696458,0.000140607
0.43582,0.487199,2.84747e-08,0.000567521,1.77316e-11,-0.0696743,0.000141028
0.43583,0.48722,2.84994e-08,0.00056767,1.77588e-11,-0.0697029,0.00014145
0.43584,0.487241,2.85241e-08,0.000567818,1.77862e-11,-0.0697314,0.000141874
0.43585,0.487263,2.8549e-08,0.000567967,1.78137e-11,-0.0697599,0.0001423
0.43586,0.487284,2.8574e-08,0.000568116,1.78413e-11,-0.0697884,0.000142727
0.43587,0.487305,2.8599e-08,0.000568265,1.7869e-11,-0.0698169,0.000143155
0.43588,0.487327,2.86241e-08,0.000568414,1.78969e-11,-0.0698453,0.000143585
0.43589,0.487348,2.86494e-08,0.000568564,1.79249e-11,-0.0698738,0.000144017
0.4359,0.487369,2.86747e-08,0.000568713,1.79529e-11,-0.0699023,0.000144451
0.43591,0.487391,2.87001e-08,0.000568862,1.79811e-11,-0.0699307,0.000144885
0.43592,0.487412,2.87255e-08,0.000569012,1.80095e-11,-0.0699591,0.000145322
0.43593,0.487433,2.87511e-08,0.000569162,1.80379e-11,-0.0699875,0.00014576
0.43594,0.487455,2.87768e-08,0.000569311,1.80665e-11,-0.0700159,0.0001462
0.43595,0.487476,2.88025e-08,0.000569461,1.80952e-11,-0.0700443,0.000146641
0.43596,0.487497,2.88283e-08,0.000569611,1.8124e-11,-0.0700727,0.000147084
0.43597,0.487519,2.88543e-08,0.000569761,1.81529e-11,-0.0701011,0.000147528
0.43598,0.48754,2.88803e-08,0.000569911,1.8182e-11,-0.0701294,0.000147974
0.43599,0.487561,2.89064e-08,0.000570061,1.82111e-11,-0.0701578,0.000148422
0.436,0.487583,2.89326e-08,0.000570212,1.82404e-11,-0.0701861,0.000148871
0.43601,0.487604,2.89589e-08,0.000570362,1.82699e-11,-0.0702144,0.000149322
0.43602,0.487626,2.89852e-08,0.000570513,1.82994e-11,-0.0702427,0.000149775
0.43603,0.487647,2.90117e-08,0.000570663,1.83291e-11,-0.070271,0.000150229
0.43604,0.487668,2.90382e-08,0.000570814,1.83589e-11,-0.0702993,0.000150685
0.43605,0.48769,2.90649e-08,0.000570965,1.83888e-11,-0.0703276,0.000151142
0.43606,0.487711,2.90916e-08,0.000571115,1.84188e-11,-0.0703559,0.000151601
0.43607,0.487733,2.91184e-08,0.000571266,1.8449e-11,-0.0703841,0.000152062
0.43608,0.487754,2.91453e-08,0.000571417,1.84793e-11,-0.0704124,0.000152524
0.43609,0.487776,2.91723e-08,0.000571569,1.85098e-11,-0.0704406,0.000152988
0.4361,0.487797,2.91994e-08,0.00057172,1.85403e-11,-0.0704688,0.000153454
0.43611,0.487818,2.92266e-08,0.000571871,1.8571e-11,-0.070497,0.000153922
0.43612,0.48784,2.92539e-08,0.000572023,1.86018e-11,-0.0705252,0.000154391
0.43613,0.487861,2.92813e-08,0.000572174,1.86328e-11,-0.0705534,0.000154861
0.43614,0.487883,2.93087e-08,0.000572326,1.86639e-11,-0.0705816,0.000155334
0.43615,0.487904,2.93363e-08,0.000572478,1.86951e-11,-0.0706097,0.000155808
0.43616,0.487926,2.9364e-08,0.00057263,1.87264e-11,-0.0706379,0.000156284
0.43617,0.487947,2.93917e-08,0.000572781,1.87579e-11,-0.070666,0.000156761
0.43618,0.487969,2.94195e-08,0.000572934,1.87895e-11,-0.0706941,0.00015724
0.43619,0.48799,2.94475e-08,0.000573086,1.88212e-11,-0.0707222,0.000157721
0.4362,0.488012,2.94755e-08,0.000573238,1.88531e-11,-0.0707503,0.000158204
0.43621,0.488033,2.95036e-08,0.00057339,1.88851e-11,-0.0707784,0.000158688
0.43622,0.488055,2.95318e-08,0.000573543,1.89173e-11,-0.0708065,0.000159174
0.43623,0.488076,2.95601e-08,0.000573695,1.89495e-11,-0.0708346,0.000159662
0.43624,0.488098,2.95885e-08,0.000573848,1.89819e-11,-0.0708626,0.000160152
0.43625,0.488885,1.17194e-08,0.000596759,1.14817e-11,-0.14392,0.000374007
0.43626,0.488908,1.17309e-08,0.000596958,1.15209e-11,-0.144136,0.000376152
0.43627,0.48893,1.17424e-08,0.000597157,1.15604e-11,-0.144353,0.000378311
0.43628,0.488952,1.17539e-08,0.000597355,1.16001e-11,-0.14457,0.000380483
0.43629,0.488975,1.17655e-08,0.000597555,1.164e-11,-0.144788,0.000382669
0.4363,0.488997,1.17771e-08,0.000597754,1.16803e-11,-0.145007,0.00038487
0.43631,0.48902,1.17888e-08,0.000597954,1.17208e-11,-0.145226,0.000387084
0.43632,0.489042,1.18005e-08,0.000598153,1.17615e-11,-0.145445,0.000389312
0.43633,0.489064,1.18122e-08,0.000598353,1.18025e-11,-0.145665,0.000391554
0.43634,0.489087,1.1824e-08,0.000598554,1.18438e-11,-0.145886,0.000393811
0.43635,0.489109,1.18358e-08,0.000598754,1.18853e-11,-0.146107,0.000396082
0.43636,0.489132,1.18477e-08,0.000598955,1.19271e-11,-0.146329,0.000398368
0.43637,0.489154,1.18595e-08,0.000599156,1.19692e-11,-0.146551,0.000400668
0.43638,0.489177,1.18715e-08,0.000599357,1.20115e-11,-0.146774,0.000402982
0.43639,0.489199,1.18834e-08,0.000599558,1.20541e-11,-0.146997,0.000405312
0.4364,0.489222,1.18954e-08,0.00059976,1.2097e-11,-0.147221,0.000407656
0.43641,0.489244,1.19075e-08,0.000599962,1.21402e-11,-0.147445,0.000410015
0.43642,0.489267,1.19196e-08,0.000600164,1.21836e-11,-0.14767,0.000412389
0.43643,0.489289,1.19317e-08,0.000600366,1.22273e-11,-0.147896,0.000414778
0.43644,0.489312,1.19439e-08,0.000600568,1.22713e-11,-0.148122,0.000417182
0.43645,0.489334,1.19561e-08,0.000600771,1.23156e-11,-0.148349,0.000419601
0.43646,0.489357,1.19683e-08,0.000600974,1.23602e-11,-0.148576,0.000422036
0.43647,0.489379,1.19806e-08,0.000601177,1.2405e-11,-0.148804,0.000424486
0.43648,0.489402,1.1993e-08,0.00060138,1.24502e-11,-0.149032,0.000426951
0.43649,0.489424,1.20053e-08,0.000601584,1.24956e-11,-0.149261,0.000429432
0.4365,0.489447,1.20178e-08,0.000601788,1.25414e-11,-0.14949,0.000431928
0.43651,0.48947,1.20302e-08,0.000601992,1.25874e-11,-0.149721,0.000434441
0.43652,0.489492,1.20427e-08,0.000602196,1.26337e-11,-0.149951,0.000436969
0.43653,0.489515,1.20553e-08,0.000602401,1.26804e-11,-0.150182,0.000439513
0.43654,0.489537,1.20679e-08,0.000602605,1.27273e-11,-0.150414,0.000442073
0.43655,0.48956,1.20805e-08,0.00060281,1.27746e-11,-0.150646,0.000444649
0.43656,0.489583,1.20932e-08,0.000603016,1.28221e-11,-0.150879,0.000447241
0.43657,0.489605,1.21059e-08,0.000603221,1.287e-11,-0.151113,0.00044985
0.43658,0.489628,1.21186e-08,0.000603427,1.29181e-11,-0.151347,0.000452475
0.43659,0.48965,1.21314e-08,0.000603633,1.29666e-11,-0.151581,0.000455116
0.4366,0.489673,1.21443e-08,0.000603839,1.30154e-11,-0.151816,0.000457774
0.43661,0.489696,1.21572e-08,0.000604045,1.30646e-11,-0.152052,0.000460448
0.43662,0.489718,1.21701e-08,0.000604252,1.3114e-11,-0.152289,0.000463139
0.43663,0.489741,1.21831e-08,0.000604459,1.31638e-11,-0.152526,0.000465847
0.43664,0.489764,1.21961e-08,0.000604666,1.32139e-11,-0.152763,0.000468572
0.43665,0.489786,1.22092e-08,0.000604873,1.32643e-11,-0.153001,0.000471314
0.43666,0.489809,1.22223e-08,0.00060508,1.33151e-11,-0.15324,0.000474073
0.43667,0.489832,1.22354e-08,0.000605288,1.33662e-11,-0.153479,0.000476849
0.43668,0.489854,1.22486e-08,0.000605496,1.34176e-11,-0.153719,0.000479642
0.43669,0.489877,1.22619e-08,0.000605704,1.34694e-11,-0.153959,0.000482453
0.4367,0.4899,1.22752e-08,0.000605913,1.35215e-11,-0.154201,0.000485281
0.43671,0.489923,1.22885e-08,0.000606122,1.35739e-11,-0.154442,0.000488126
0.43672,0.489945,1.23019e-08,0.000606331,1.36267e-11,-0.154684,0.00049099
0.43673,0.489968,1.23153e-08,0.00060654,1.36799e-11,-0.154927,0.00049387
0.43674,0.489991,1.23288e-08,0.000606749,1.37334e-11,-0.155171,0.000496769
0.43675,0.489976,2.01459e-08,0.000593441,2.31837e-11,-0.0949717,0.000101259
0.43676,0.489998,2.01659e-08,0.00059362,2.32324e-11,-0.0950286,0.000101616
0.43677,0.49002,2.0186e-08,0.0005938,2.32814e-11,-0.0950855,0.000101973
0.43678,0.490042,2.02062e-08,0.00059398,2.33305e-11,-0.0951425,0.000102332
0.43679,0.490065,2.02264e-08,0.00059416,2.33798e-11,-0.0951996,0.000102692
0.4368,0.490087,2.02467e-08,0.00059434,2.34294e-11,-0.0952567,0.000103053
0.43681,0.490109,2.02671e-08,0.000594521,2.34791e-11,-0.0953138,0.000103416
0.43682,0.490132,2.02875e-08,0.000594701,2.35291e-11,-0.095371,0.00010378
0.43683,0.490154,2.0308e-08,0.000594882,2.35792e-11,-0.0954283,0.000104146
0.43684,0.490176,2.03286e-08,0.000595063,2.36296e-11,-0.0954857,0.000104513
0.43685,0.490199,2.03492e-08,0.000595244,2.36802e-11,-0.095543,0.000104881
0.43686,0.490221,2.03699e-08,0.000595425,2.3731e-11,-0.0956005,0.000105251
0.43687,0.490243,2.03906e-08,0.000595606,2.3782e-11,-0.095658,0.000105622
0.43688,0.490266,2.04114e-08,0.000595787,2.38333e-11,-0.0957156,0.000105994
0.43689,0.490288,2.04323e-08,0.000595969,2.38847e-11,-0.0957732,0.000106368
0.4369,0.49031,2.04533e-08,0.000596151,2.39364e-11,-0.0958309,0.000106743
0.43691,0.490333,2.04743e-08,0.000596332,2.39882e-11,-0.0958886,0.00010712
0.43692,0.490355,2.04953e-08,0.000596514,2.40403e-11,-0.0959464,0.000107498
0.43693,0.490377,2.05165e-08,0.000596697,2.40927e-11,-0.0960042,0.000107877
0.43694,0.4904,2.05377e-08,0.000596879,2.41452e-11,-0.0960621,0.000108257
0.43695,0.490422,2.05589e-08,0.000597061,2.41979e-11,-0.0961201,0.000108639
0.43696,0.490444,2.05803e-08,0.000597244,2.42509e-11,-0.0961781,0.000109023
0.43697,0.490467,2.06017e-08,0.000597426,2.43041e-11,-0.0962361,0.000109408
0.43698,0.490489,2.06231e-08,0.000597609,2.43575e-11,-0.0962943,0.000109794
0.43699,0.490512,2.06447e-08,0.000597792,2.44112e-11,-0.0963524,0.000110182
0.437,0.490534,2.06663e-08,0.000597975,2.44651e-11,-0.0964107,0.000110571
0.43701,0.490557,2.06879e-08,0.000598159,2.45192e-11,-0.096469,0.000110961
0.43702,0.490579,2.07097e-08,0.000598342,2.45735e-11,-0.0965273,0.000111353
0.43703,0.490601,2.07315e-08,0.000598526,2.4628e-11,-0.0965857,0.000111746
0.43704,0.490624,2.07533e-08,0.000598709,2.46828e-11,-0.0966441,0.000112141
0.43705,0.490646,2.07753e-08,0.000598893,2.47378e-11,-0.0967026,0.000112537
0.43706,0.490669,2.07973e-08,0.000599077,2.47931e-11,-0.0967612,0.000112934
0.43707,0.490691,2.08193e-08,0.000599261,2.48485e-11,-0.0968198,0.000113333
0.43708,0.490714,2.08415e-08,0.000599445,2.49042e-11,-0.0968785,0.000113733
0.43709,0.490736,2.08637e-08,0.00059963,2.49602e-11,-0.0969372,0.000114135
0.4371,0.490759,2.0886e-08,0.000599815,2.50164e-11,-0.096996,0.000114538
0.43711,0.490781,2.09083e-08,0.000599999,2.50728e-11,-0.0970548,0.000114942
0.43712,0.490804,2.09307e-08,0.000600184,2.51294e-11,-0.0971137,0.000115348
0.43713,0.490826,2.09532e-08,0.000600369,2.51863e-11,-0.0971726,0.000115756
0.43714,0.490849,2.09758e-08,0.000600554,2.52434e-11,-0.0972316,0.000116165
0.43715,0.490871,2.09984e-08,0.00060074,2.53008e-11,-0.0972906,0.000116575
0.43716,0.490894,2.10211e-08,0.000600925,2.53584e-11,-0.0973497,0.000116986
0.43717,0.490916,2.10438e-08,0.000601111,2.54163e-11,-0.0974089,0.0001174
0.43718,0.490939,2.10667e-08,0.000601296,2.54744e-11,-0.0974681,0.000117814
0.43719,0.490961,2.10896e-08,0.000601482,2.55327e-11,-0.0975273,0.00011823
0.4372,0.490984,2.11125e-08,0.000601668,2.55913e-11,-0.0975866,0.000118648
0.43721,0.491007,2.11356e-08,0.000601855,2.56501e-11,-0.0976459,0.000119066
0.43722,0.491029,2.11587e-08,0.000602041,2.57092e-11,-0.0977053,0.000119487
0.43723,0.491052,2.11819e-08,0.000602227,2.57685e-11,-0.0977648,0.000119909
0.43724,0.491074,2.12052e-08,0.000602414,2.58281e-11,-0.0978243,0.000120332
0.43725,0.490957,2.24946e-08,0.000606492,3.26988e-11,-0.130095,0.00047433
0.43726,0.49098,2.25263e-08,0.000606678,3.28225e-11,-0.130309,0.000476608
0.43727,0.491002,2.25582e-08,0.000606864,3.29468e-11,-0.130523,0.000478895
0.43728,0.491025,2.25902e-08,0.00060705,3.30719e-11,-0.130737,0.000481192
0.43729,0.491048,2.26224e-08,0.000607236,3.31976e-11,-0.130953,0.0004835
0.4373,0.491071,2.26547e-08,0.000607423,3.3324e-11,-0.131168,0.000485817
0.43731,0.491093,2.26872e-08,0.00060761,3.34511e-11,-0.131384,0.000488144
0.43732,0.491116,2.27199e-08,0.000607797,3.35789e-11,-0.131601,0.000490481
0.43733,0.491139,2.27527e-08,0.000607984,3.37073e-11,-0.131818,0.000492828
0.43734,0.491162,2.27856e-08,0.000608172,3.38365e-11,-0.132036,0.000495185
0.43735,0.491185,2.28187e-08,0.000608359,3.39664e-11,-0.132254,0.000497551
0.43736,0.491207,2.2852e-08,0.000608547,3.4097e-11,-0.132473,0.000499928
0.43737,0.49123,2.28855e-08,0.000608735,3.42283e-11,-0.132693,0.000502316
0.43738,0.491253,2.29191e-08,0.000608924,3.43603e-11,-0.132913,0.000504713
0.43739,0.491276,2.29528e-08,0.000609112,3.4493e-11,-0.133133,0.00050712
0.4374,0.491299,2.29867e-08,0.000609301,3.46264e-11,-0.133354,0.000509537
0.43741,0.491322,2.30208e-08,0.00060949,3.47606e-11,-0.133576,0.000511965
0.43742,0.491344,2.30551e-08,0.000609679,3.48955e-11,-0.133798,0.000514402
0.43743,0.491367,2.30895e-08,0.000609868,3.50312e-11,-0.13402,0.00051685
0.43744,0.49139,2.31241e-08,0.000610058,3.51676e-11,-0.134244,0.000519308
0.43745,0.491413,2.31588e-08,0.000610248,3.53047e-11,-0.134467,0.000521776
0.43746,0.491436,2.31937e-08,0.000610438,3.54426e-11,-0.134692,0.000524255
0.43747,0.491459,2.32288e-08,0.000610628,3.55812e-11,-0.134917,0.000526744
0.43748,0.491482,2.3264e-08,0.000610818,3.57206e-11,-0.135142,0.000529242
0.43749,0.491505,2.32995e-08,0.000611009,3.58607e-11,-0.135368,0.000531752
0.4375,0.491528,2.3335e-08,0.0006112,3.60016e-11,-0.135594,0.000534271
0.43751,0.491551,2.33708e-08,0.000611391,3.61433e-11,-0.135821,0.000536801
0.43752,0.491573,2.34067e-08,0.000611582,3.62858e-11,-0.136049,0.000539341
0.43753,0.491596,2.34428e-08,0.000611774,3.6429e-11,-0.136277,0.000541892
0.43754,0.491619,2.34791e-08,0.000611965,3.6573e-11,-0.136506,0.000544453
0.43755,0.491642,2.35155e-08,0.000612157,3.67178e-11,-0.136735,0.000547024
0.43756,0.491665,2.35521e-08,0.000612349,3.68634e-11,-0.136965,0.000549606
0.43757,0.491688,2.35889e-08,0.000612542,3.70098e-11,-0.137195,0.000552198
0.43758,0.491711,2.36259e-08,0.000612734,3.7157e-11,-0.137426,0.000554801
0.43759,0.491734,2.3663e-08,0.000612927,3.73051e-11,-0.137658,0.000557414
0.4376,0.491757,2.37004e-08,0.00061312,3.74539e-11,-0.13789,0.000560037
0.43761,0.49178,2.37379e-08,0.000613313,3.76035e-11,-0.138123,0.000562671
0.43762,0.491803,2.37755e-08,0.000613507,3.7754e-11,-0.138356,0.000565316
0.43763,0.491826,2.38134e-08,0.0006137,3.79053e-11,-0.13859,0.000567971
0.43764,0.491849,2.38514e-08,0.000613894,3.80574e-11,-0.138824,0.000570637
0.43765,0.491872,2.38897e-08,0.000614088,3.82103e-11,-0.139059,0.000573313
0.43766,0.491895,2.39281e-08,0.000614283,3.83641e-11,-0.139294,0.000575999
0.43767,0.491918,2.39666e-08,0.000614477,3.85188e-11,-0.13953,0.000578697
0.43768,0.491941,2.40054e-08,0.000614672,3.86743e-11,-0.139767,0.000581404
0.43769,0.491964,2.40444e-08,0.000614867,3.88306e-11,-0.140004,0.000584123
0.4377,0.491987,2.40835e-08,0.000615062,3.89878e-11,-0.140242,0.000586852
0.43771,0.492011,2.41228e-08,0.000615257,3.91459e-11,-0.14048,0.000589591
0.43772,0.492034,2.41623e-08,0.000615453,3.93048e-11,-0.140719,0.000592342
0.43773,0.492057,2.42021e-08,0.000615649,3.94647e-11,-0.140959,0.000595102
0.43774,0.49208,2.42419e-08,0.000615845,3.96254e-11,-0.141199,0.000597874
0.43775,0.492357,2.22377e-08,0.000619225,2.60382e-11,-0.216766,0.00326383
0.43776,0.49238,2.22549e-08,0.000619457,2.62381e-11,-0.217362,0.00328212
0.43777,0.492403,2.22721e-08,0.000619689,2.64402e-11,-0.217961,0.00330044
0.43778,0.492427,2.22895e-08,0.000619922,2.66446e-11,-0.218562,0.00331877
0.43779,0.49245,2.2307e-08,0.000620155,2.68512e-11,-0.219166,0.00333712
0.4378,0.492473,2.23246e-08,0.000620388,2.70601e-11,-0.219774,0.00335548
0.43781,0.492496,2.23423e-08,0.000620622,2.72712e-11,-0.220384,0.00337385
0.43782,0.49252,2.23601e-08,0.000620856,2.74848e-11,-0.220997,0.00339224
0.43783,0.492543,2.2378e-08,0.000621091,2.77006e-11,-0.221613,0.00341064
0.43784,0.492566,2.2396e-08,0.000621325,2.79189e-11,-0.222232,0.00342904
0.43785,0.49259,2.24141e-08,0.000621561,2.81396e-11,-0.222854,0.00344746
0.43786,0.492613,2.24324e-08,0.000621796,2.83628e-11,-0.223479,0.00346588
0.43787,0.492636,2.24507e-08,0.000622032,2.85884e-11,-0.224106,0.00348431
0.43788,0.49266,2.24692e-08,0.000622268,2.88166e-11,-0.224737,0.00350274
0.43789,0.492683,2.24878e-08,0.000622505,2.90473e-11,-0.225371,0.00352117
0.4379,0.492706,2.25065e-08,0.000622742,2.92806e-11,-0.226008,0.00353961
0.43791,0.49273,2.25253e-08,0.00062298,2.95164e-11,-0.226649,0.00355804
0.43792,0.492753,2.25442e-08,0.000623217,2.97549e-11,-0.227292,0.00357648
0.43793,0.492776,2.25633e-08,0.000623455,2.99961e-11,-0.227938,0.00359491
0.43794,0.4928,2.25825e-08,0.000623694,3.024e-11,-0.228588,0.00361334
0.43795,0.492823,2.26018e-08,0.000623933,3.04866e-11,-0.22924,0.00363176
0.43796,0.492846,2.26212e-08,0.000624172,3.0736e-11,-0.229896,0.00365018
0.43797,0.49287,2.26407e-08,0.000624412,3.09882e-11,-0.230555,0.00366859
0.43798,0.492893,2.26604e-08,0.000624652,3.12432e-11,-0.231217,0.00368699
0.43799,0.492917,2.26802e-08,0.000624892,3.15011e-11,-0.231882,0.00370538
0.438,0.49294,2.27001e-08,0.000625133,3.17619e-11,-0.232551,0.00372375
0.43801,0.492964,2.27202e-08,0.000625374,3.20256e-11,-0.233222,0.00374212
0.43802,0.492987,2.27404e-08,0.000625616,3.22923e-11,-0.233898,0.00376046
0.43803,0.493011,2.27607e-08,0.000625858,3.25621e-11,-0.234576,0.00377879
0.43804,0.493034,2.27812e-08,0.0006261,3.28349e-11,-0.235257,0.00379711
0.43805,0.493058,2.28017e-08,0.000626343,3.31107e-11,-0.235942,0.0038154
0.43806,0.493081,2.28225e-08,0.000626586,3.33897e-11,-0.236631,0.00383367
0.43807,0.493105,2.28433e-08,0.000626829,3.36719e-11,-0.237322,0.00385192
0.43808,0.493128,2.28643e-08,0.000627073,3.39572e-11,-0.238017,0.00387014
0.43809,0.493152,2.28854e-08,0.000627317,3.42458e-11,-0.238716,0.00388834
0.4381,0.493175,2.29067e-08,0.000627562,3.45377e-11,-0.239417,0.00390651
0.43811,0.493199,2.29281e-08,0.000627807,3.48329e-11,-0.240122,0.00392465
0.43812,0.493222,2.29497e-08,0.000628053,3.51315e-11,-0.240831,0.00394276
0.43813,0.493246,2.29714e-08,0.000628298,3.54334e-11,-0.241543,0.00396084
0.43814,0.493269,2.29932e-08,0.000628545,3.57389e-11,-0.242259,0.00397888
0.43815,0.493293,2.30152e-08,0.000628791,3.60478e-11,-0.242978,0.00399689
0.43816,0.493316,2.30374e-08,0.000629039,3.63602e-11,-0.2437,0.00401486
0.43817,0.49334,2.30597e-08,0.000629286,3.66762e-11,-0.244426,0.0040328
0.43818,0.493364,2.30821e-08,0.000629534,3.69958e-11,-0.245156,0.00405069
0.43819,0.493387,2.31047e-08,0.000629782,3.73191e-11,-0.245889,0.00406854
0.4382,0.493411,2.31275e-08,0.000630031,3.76461e-11,-0.246626,0.00408635
0.43821,0.493435,2.31504e-08,0.00063028,3.79769e-11,-0.247366,0.00410411
0.43822,0.493458,2.31735e-08,0.00063053,3.83114e-11,-0.24811,0.00412183
0.43823,0.493482,2.31967e-08,0.00063078,3.86498e-11,-0.248858,0.0041395
0.43824,0.493505,2.32201e-08,0.00063103,3.89921e-11,-0.249609,0.00415711
0.43825,0.493541,3.0494e-08,0.000623404,2.86946e-11,-0.0998251,0.000149266
0.43826,0.493565,3.05218e-08,0.000623608,2.87549e-11,-0.0998493,0.000149624
0.43827,0.493588,3.05496e-08,0.000623812,2.88154e-11,-0.0998733,0.000149982
0.43828,0.493611,3.05776e-08,0.000624017,2.88761e-11,-0.0998973,0.000150342
0.43829,0.493635,3.06057e-08,0.000624222,2.8937e-11,-0.0999213,0.000150703
0.4383,0.493658,3.06339e-08,0.000624427,2.89982e-11,-0.0999452,0.000151065
0.43831,0.493682,3.06621e-08,0.000624632,2.90596e-11,-0.099969,0.000151428
0.43832,0.493705,3.06905e-08,0.000624837,2.91212e-11,-0.0999928,0.000151792
0.43833,0.493729,3.0719e-08,0.000625042,2.91831e-11,-0.100017,0.000152157
0.43834,0.493752,3.07476e-08,0.000625248,2.92452e-11,-0.10004,0.000152523
0.43835,0.493775,3.07763e-08,0.000625454,2.93075e-11,-0.100064,0.00015289
0.43836,0.493799,3.0805e-08,0.00062566,2.93701e-11,-0.100087,0.000153259
0.43837,0.493822,3.08339e-08,0.000625866,2.94329e-11,-0.100111,0.000153628
0.43838,0.493846,3.08629e-08,0.000626072,2.9496e-11,-0.100134,0.000153998
0.43839,0.493869,3.0892e-08,0.000626278,2.95592e-11,-0.100158,0.000154369
0.4384,0.493893,3.09212e-08,0.000626485,2.96228e-11,-0.100181,0.000154742
0.43841,0.493916,3.09505e-08,0.000626692,2.96865e-11,-0.100204,0.000155115
0.43842,0.49394,3.09799e-08,0.000626899,2.97505e-11,-0.100228,0.00015549
0.43843,0.493963,3.10094e-08,0.000627106,2.98148e-11,-0.100251,0.000155865
0.43844,0.493987,3.10391e-08,0.000627313,2.98793e-11,-0.100274,0.000156242
0.43845,0.49401,3.10688e-08,0.00062752,2.9944e-11,-0.100297,0.00015662
0.43846,0.494034,3.10986e-08,0.000627728,3.0009e-11,-0.10032,0.000156998
0.43847,0.494057,3.11285e-08,0.000627936,3.00742e-11,-0.100343,0.000157378
0.43848,0.494081,3.11586e-08,0.000628144,3.01397e-11,-0.100366,0.000157759
0.43849,0.494105,3.11887e-08,0.000628352,3.02054e-11,-0.100389,0.000158141
0.4385,0.494128,3.1219e-08,0.00062856,3.02714e-11,-0.100411,0.000158524
0.43851,0.494152,3.12494e-08,0.000628768,3.03376e-11,-0.100434,0.000158908
0.43852,0.494175,3.12798e-08,0.000628977,3.04041e-11,-0.100457,0.000159293
0.43853,0.494199,3.13104e-08,0.000629186,3.04708e-11,-0.100479,0.000159679
0.43854,0.494222,3.13411e-08,0.000629395,3.05378e-11,-0.100502,0.000160066
0.43855,0.494246,3.13719e-08,0.000629604,3.0605e-11,-0.100524,0.000160454
0.43856,0.49427,3.14028e-08,0.000629813,3.06725e-11,-0.100547,0.000160843
0.43857,0.494293,3.14338e-08,0.000630022,3.07403e-11,-0.100569,0.000161234
0.43858,0.494317,3.14649e-08,0.000630232,3.08083e-11,-0.100591,0.000161625
0.43859,0.494341,3.14962e-08,0.000630442,3.08765e-11,-0.100613,0.000162018
0.4386,0.494364,3.15275e-08,0.000630652,3.09451e-11,-0.100636,0.000162411
0.43861,0.494388,3.1559e-08,0.000630862,3.10139e-11,-0.100658,0.000162806
0.43862,0.494412,3.15905e-08,0.000631072,3.10829e-11,-0.10068,0.000163202
0.43863,0.494435,3.16222e-08,0.000631282,3.11522e-11,-0.100702,0.000163598
0.43864,0.494459,3.1654e-08,0.000631493,3.12218e-11,-0.100724,0.000163996
0.43865,0.494483,3.16859e-08,0.000631704,3.12917e-11,-0.100745,0.000164395
0.43866,0.494506,3.17179e-08,0.000631915,3.13618e-11,-0.100767,0.000164795
0.43867,0.49453,3.17501e-08,0.000632126,3.14322e-11,-0.100789,0.000165196
0.43868,0.494554,3.17823e-08,0.000632337,3.15028e-11,-0.100811,0.000165598
0.43869,0.494577,3.18147e-08,0.000632549,3.15738e-11,-0.100832,0.000166001
0.4387,0.494601,3.18471e-08,0.00063276,3.1645e-11,-0.100854,0.000166406
0.43871,0.494625,3.18797e-08,0.000632972,3.17165e-11,-0.100875,0.000166811
0.43872,0.494649,3.19124e-08,0.000633184,3.17882e-11,-0.100896,0.000167217
0.43873,0.494672,3.19452e-08,0.000633396,3.18602e-11,-0.100918,0.000167625
0.43874,0.494696,3.19781e-08,0.000633608,3.19326e-11,-0.100939,0.000168033
0.43875,0.494824,3.93492e-08,0.000639754,5.57082e-11,-0.239265,0.00337245
0.43876,0.494848,3.94149e-08,0.000640011,5.60131e-11,-0.239965,0.00339258
0.43877,0.494872,3.94809e-08,0.000640268,5.63208e-11,-0.240669,0.00341276
0.43878,0.494896,3.95472e-08,0.000640526,5.66312e-11,-0.241376,0.00343299
0.43879,0.49492,3.96137e-08,0.000640784,5.69445e-11,-0.242086,0.00345328
0.4388,0.494945,3.96805e-08,0.000641042,5.72607e-11,-0.242799,0.00347361
0.43881,0.494969,3.97476e-08,0.000641301,5.75797e-11,-0.243515,0.003494
0.43882,0.494993,3.9815e-08,0.000641561,5.79017e-11,-0.244234,0.00351444
0.43883,0.495017,3.98827e-08,0.00064182,5.82266e-11,-0.244957,0.00353492
0.43884,0.495041,3.99506e-08,0.000642081,5.85545e-11,-0.245683,0.00355545
0.43885,0.495065,4.00188e-08,0.000642341,5.88855e-11,-0.246412,0.00357603
0.43886,0.495089,4.00874e-08,0.000642602,5.92195e-11,-0.247144,0.00359666
0.43887,0.495113,4.01562e-08,0.000642864,5.95565e-11,-0.247879,0.00361732
0.43888,0.495137,4.02253e-08,0.000643126,5.98967e-11,-0.248618,0.00363803
0.43889,0.495161,4.02947e-08,0.000643388,6.02401e-11,-0.249361,0.00365879
0.4389,0.495185,4.03644e-08,0.000643651,6.05866e-11,-0.250106,0.00367958
0.43891,0.49521,4.04345e-08,0.000643914,6.09364e-11,-0.250855,0.00370042
0.43892,0.495234,4.05048e-08,0.000644178,6.12894e-11,-0.251607,0.0037213
0.43893,0.495258,4.05754e-08,0.000644442,6.16456e-11,-0.252363,0.00374221
0.43894,0.495282,4.06463e-08,0.000644707,6.20052e-11,-0.253121,0.00376316
0.43895,0.495306,4.07175e-08,0.000644972,6.23682e-11,-0.253884,0.00378415
0.43896,0.49533,4.07891e-08,0.000645237,6.27346e-11,-0.254649,0.00380518
0.43897,0.495355,4.08609e-08,0.000645503,6.31043e-11,-0.255419,0.00382624
0.43898,0.495379,4.09331e-08,0.000645769,6.34776e-11,-0.256191,0.00384733
0.43899,0.495403,4.10056e-08,0.000646036,6.38543e-11,-0.256967,0.00386845
0.439,0.495427,4.10784e-08,0.000646303,6.42346e-11,-0.257747,0.00388961
0.43901,0.495452,4.11515e-08,0.000646571,6.46185e-11,-0.25853,0.00391079
0.43902,0.495476,4.1225e-08,0.000646839,6.5006e-11,-0.259316,0.003932
0.43903,0.4955,4.12988e-08,0.000647108,6.53971e-11,-0.260106,0.00395324
0.43904,0.495524,4.13729e-08,0.000647377,6.5792e-11,-0.2609,0.00397451
0.43926,0.910875,2.66653e-08,0.000560831,7.66135e-11,-0.504976,0.00498917
0.43927,0.910896,2.65948e-08,0.000560451,7.60609e-11,-0.504045,0.00497825
0.43928,0.910917,2.65247e-08,0.000560071,7.55134e-11,-0.503117,0.00496724
0.43929,0.910938,2.6455e-08,0.000559692,7.49709e-11,-0.502192,0.00495613
0.4393,0.910959,2.63857e-08,0.000559313,7.44333e-11,-0.501269,0.00494493
0.43931,0.91098,2.63168e-08,0.000558936,7.39007e-11,-0.500349,0.00493365
0.43932,0.911001,2.62483e-08,0.000558559,7.3373e-11,-0.499432,0.00492227
0.43933,0.911022,2.61801e-08,0.000558182,7.285e-11,-0.498518,0.0049108
0.43934,0.911043,2.61124e-08,0.000557806,7.23319e-11,-0.497606,0.00489925
0.43935,0.911064,2.6045e-08,0.000557431,7.18185e-11,-0.496698,0.00488761
0.43936,0.911085,2.5978e-08,0.000557057,7.13097e-11,-0.495792,0.00487588
0.43937,0.911106,2.59113e-08,0.000556683,7.08056e-11,-0.494888,0.00486407
0.43938,0.911126,2.5845e-08,0.00055631,7.03061e-11,-0.493988,0.00485217
0.43939,0.911147,2.57791e-08,0.000555937,6.98111e-11,-0.49309,0.00484019
0.4394,0.911168,2.57136e-08,0.000555565,6.93205e-11,-0.492194,0.00482813
0.43941,0.911189,2.56484e-08,0.000555194,6.88345e-11,-0.491302,0.00481599
0.43942,0.91121,2.55835e-08,0.000554824,6.83528e-11,-0.490412,0.00480376
0.43943,0.911231,2.55191e-08,0.000554454,6.78755e-11,-0.489524,0.00479146
0.43944,0.911251,2.54549e-08,0.000554084,6.74024e-11,-0.48864,0.00477908
0.43945,0.911272,2.53912e-08,0.000553716,6.69337e-11,-0.487758,0.00476663
0.43946,0.911293,2.53277e-08,0.000553347,6.64692e-11,-0.486879,0.00475409
0.43947,0.911314,2.52646e-08,0.00055298,6.60088e-11,-0.486002,0.00474149
0.43948,0.911334,2.52019e-08,0.000552613,6.55526e-11,-0.485128,0.0047288
0.43949,0.911355,2.51395e-08,0.000552247,6.51004e-11,-0.484256,0.00471605
0.4395,0.911376,2.50774e-08,0.000551881,6.46523e-11,-0.483388,0.00470322
0.43951,0.911396,2.50157e-08,0.000551516,6.42083e-11,-0.482521,0.00469033
0.43952,0.911417,2.49543e-08,0.000551152,6.37681e-11,-0.481658,0.00467736
0.43953,0.911438,2.48932e-08,0.000550788,6.3332e-11,-0.480797,0.00466432
0.43954,0.911458,2.48325e-08,0.000550425,6.28997e-11,-0.479938,0.00465122
0.43955,0.911479,2.47721e-08,0.000550063,6.24712e-11,-0.479082,0.00463805
0.43956,0.9115,2.4712e-08,0.000549701,6.20466e-11,-0.478229,0.00462481
0.43957,0.91152,2.46522e-08,0.00054934,6.16257e-11,-0.477378,0.00461151
0.43958,0.911541,2.45928e-08,0.000548979,6.12086e-11,-0.47653,0.00459815
0.43959,0.911561,2.45336e-08,0.000548619,6.07951e-11,-0.475684,0.00458472
0.4396,0.911582,2.44748e-08,0.00054826,6.03853e-11,-0.474841,0.00457124
0.43961,0.911603,2.44163e-08,0.000547901,5.99792e-11,-0.474,0.00455769
0.43962,0.911623,2.43581e-08,0.000547542,5.95766e-11,-0.473162,0.00454408
0.43963,0.911644,2.43002e-08,0.000547185,5.91776e-11,-0.472327,0.00453041
0.43964,0.911664,2.42426e-08,0.000546828,5.8782e-11,-0.471494,0.00451669
0.43965,0.911685,2.41853e-08,0.000546471,5.839e-11,-0.470663,0.00450291
0.43966,0.911705,2.41283e-08,0.000546115,5.80014e-11,-0.469835,0.00448907
0.43967,0.911726,2.40716e-08,0.00054576,5.76162e-11,-0.469009,0.00447518
0.43968,0.911746,2.40152e-08,0.000545405,5.72344e-11,-0.468186,0.00446124
0.43969,0.911767,2.39592e-08,0.000545051,5.68559e-11,-0.467365,0.00444724
0.4397,0.911787,2.39034e-08,0.000544698,5.64807e-11,-0.466547,0.0044332
0.43971,0.911807,2.38478e-08,0.000544345,5.61088e-11,-0.465731,0.0044191
0.43972,0.911828,2.37926e-08,0.000543993,5.57401e-11,-0.464918,0.00440495
0.43973,0.911848,2.37377e-08,0.000543641,5.53746e-11,-0.464107,0.00439076
0.43974,0.911869,2.3683e-08,0.00054329,5.50124e-11,-0.463298,0.00437652
0.43975,0.911792,2.04277e-08,0.000541434,2.99931e-11,-0.397133,0.00309542
0.43976,0.911812,2.03978e-08,0.000541103,2.9815e-11,-0.396535,0.0030817
0.43977,0.911832,2.03681e-08,0.000540773,2.96383e-11,-0.395938,0.003068
0.43978,0.911852,2.03385e-08,0.000540443,2.94632e-11,-0.395342,0.00305434
0.43979,0.911873,2.0309e-08,0.000540113,2.92894e-11,-0.394748,0.0030407
0.4398,0.911893,2.02797e-08,0.000539784,2.91172e-11,-0.394156,0.00302708
0.43981,0.911913,2.02504e-08,0.000539455,2.89463e-11,-0.393564,0.0030135
0.43982,0.911933,2.02213e-08,0.000539127,2.87769e-11,-0.392975,0.00299994
0.43983,0.911954,2.01924e-08,0.000538799,2.86088e-11,-0.392386,0.00298641
0.43984,0.911974,2.01635e-08,0.000538472,2.84422e-11,-0.3918,0.00297291
0.43985,0.911994,2.01348e-08,0.000538146,2.82769e-11,-0.391214,0.00295944
0.43986,0.912014,2.01061e-08,0.000537819,2.8113e-11,-0.39063,0.002946
0.43987,0.912034,2.00776e-08,0.000537494,2.79504e-11,-0.390048,0.00293259
0.43988,0.912054,2.00493e-08,0.000537168,2.77892e-11,-0.389467,0.0029192
0.43989,0.912075,2.0021e-08,0.000536843,2.76293e-11,-0.388887,0.00290585
0.4399,0.912095,1.99928e-08,0.000536519,2.74708e-11,-0.388309,0.00289252
0.43991,0.912115,1.99648e-08,0.000536195,2.73135e-11,-0.387732,0.00287923
0.43992,0.912135,1.99369e-08,0.000535872,2.71575e-11,-0.387157,0.00286597
0.43993,0.912155,1.99091e-08,0.000535549,2.70028e-11,-0.386583,0.00285274
0.43994,0.912175,1.98814e-08,0.000535226,2.68494e-11,-0.38601,0.00283953
0.43995,0.912195,1.98538e-08,0.000534904,2.66973e-11,-0.385439,0.00282637
0.43996,0.912215,1.98263e-08,0.000534583,2.65463e-11,-0.384869,0.00281323
0.43997,0.912235,1.9799e-08,0.000534262,2.63967e-11,-0.384301,0.00280012
0.43998,0.912255,1.97717e-08,0.000533941,2.62482e-11,-0.383734,0.00278705
0.43999,0.912275,1.97446e-08,0.000533621,2.6101e-11,-0.383168,0.00277401
0.44,0.912295,1.97176e-08,0.000533301,2.59549e-11,-0.382604,0.002761
0.44001,0.912315,1.96907e-08,0.000532982,2.58101e-11,-0.382042,0.00274802
0.44002,0.912335,1.96638e-08,0.000532663,2.56664e-11,-0.38148,0.00273508
0.44003,0.912355,1.96371e-08,0.000532345,2.55239e-11,-0.38092,0.00272217
0.44004,0.912375,1.96105e-08,0.000532027,2.53826e-11,-0.380362,0.00270929
0.44005,0.912395,1.9584e-08,0.00053171,2.52424e-11,-0.379805,0.00269645
0.44006,0.912415,1.95577e-08,0.000531393,2.51034e-11,-0.379249,0.00268364
0.44007,0.912435,1.95314e-08,0.000531076,2.49655e-11,-0.378695,0.00267086
0.44008,0.912455,1.95052e-08,0.00053076,2.48287e-11,-0.378142,0.00265812
0.44009,0.912475,1.94791e-08,0.000530445,2.4693e-11,-0.37759,0.00264542
0.4401,0.912495,1.94531e-08,0.00053013,2.45584e-11,-0.37704,0.00263274
0.44011,0.912515,1.94273e-08,0.000529815,2.44249e-11,-0.376491,0.00262011
0.44012,0.912534,1.94015e-08,0.000529501,2.42925e-11,-0.375944,0.00260751
0.44013,0.912554,1.93758e-08,0.000529187,2.41612e-11,-0.375398,0.00259494
0.44014,0.912574,1.93502e-08,0.000528874,2.40309e-11,-0.374853,0.00258241
0.44015,0.912594,1.93248e-08,0.000528561,2.39016e-11,-0.37431,0.00256991
0.44016,0.912614,1.92994e-08,0.000528248,2.37735e-11,-0.373768,0.00255745
0.44017,0.912634,1.92741e-08,0.000527936,2.36463e-11,-0.373227,0.00254503
0.44018,0.912653,1.92489e-08,0.000527625,2.35202e-11,-0.372688,0.00253264
0.44019,0.912673,1.92238e-08,0.000527313,2.33951e-11,-0.37215,0.00252029
0.4402,0.912693,1.91988e-08,0.000527003,2.32709e-11,-0.371614,0.00250797
0.44021,0.912713,1.91739e-08,0.000526692,2.31478e-11,-0.371078,0.00249569
0.44022,0.912732,1.91491e-08,0.000526383,2.30257e-11,-0.370545,0.00248345
0.44023,0.912752,1.91244e-08,0.000526073,2.29046e-11,-0.370012,0.00247124
0.44024,0.912772,1.90998e-08,0.000525764,2.27844e-11,-0.369481,0.00245908
0.44025,0.913211,1.62083e-08,0.000526907,2.93688e-11,-0.329581,0.00129687
0.44026,0.91323,1.618e-08,0.000526594,2.92242e-11,-0.32936,0.00129298
0.44027,0.91325,1.61518e-08,0.000526281,2.90806e-11,-0.329139,0.0012891
0.44028,0.91327,1.61237e-08,0.000525968,2.89378e-11,-0.328918,0.00128522
0.44029,0.91329,1.60957e-08,0.000525656,2.87959e-11,-0.328697,0.00128135
0.4403,0.913309,1.60678e-08,0.000525344,2.86549e-11,-0.328477,0.00127748
0.44031,0.913329,1.60401e-08,0.000525032,2.85147e-11,-0.328256,0.00127362
0.44032,0.913349,1.60125e-08,0.000524721,2.83755e-11,-0.328036,0.00126976
0.44033,0.913368,1.5985e-08,0.00052441,2.82371e-11,-0.327816,0.00126591
0.44034,0.913388,1.59576e-08,0.0005241,2.80995e-11,-0.327596,0.00126207
0.44035,0.913408,1.59304e-08,0.00052379,2.79628e-11,-0.327377,0.00125823
0.44036,0.913427,1.59032e-08,0.00052348,2.7827e-11,-0.327157,0.0012544
0.44037,0.913447,1.58762e-08,0.000523171,2.76919e-11,-0.326938,0.00125058
0.44038,0.913466,1.58493e-08,0.000522862,2.75578e-11,-0.326719,0.00124676
0.44039,0.913486,1.58226e-08,0.000522553,2.74244e-11,-0.3265,0.00124295
0.4404,0.913506,1.57959e-08,0.000522245,2.72919e-11,-0.326281,0.00123914
0.44041,0.913525,1.57694e-08,0.000521937,2.71602e-11,-0.326063,0.00123534
0.44042,0.913545,1.57429e-08,0.00052163,2.70293e-11,-0.325844,0.00123155
0.44043,0.913564,1.57166e-08,0.000521323,2.68992e-11,-0.325626,0.00122776
0.44044,0.913584,1.56904e-08,0.000521016,2.67699e-11,-0.325408,0.00122398
0.44045,0.913603,1.56644e-08,0.00052071,2.66414e-11,-0.32519,0.0012202
0.44046,0.913623,1.56384e-08,0.000520404,2.65137e-11,-0.324973,0.00121644
0.44047,0.913642,1.56125e-08,0.000520098,2.63868e-11,-0.324755,0.00121267
0.44048,0.913662,1.55868e-08,0.000519793,2.62607e-11,-0.324538,0.00120892
0.44049,0.913681,1.55611e-08,0.000519488,2.61354e-11,-0.324321,0.00120517
0.4405,0.913701,1.55356e-08,0.000519184,2.60108e-11,-0.324104,0.00120143
0.44051,0.91372,1.55102e-08,0.00051888,2.5887e-11,-0.323887,0.00119769
0.44052,0.91374,1.54849e-08,0.000518576,2.57639e-11,-0.32367,0.00119396
0.44053,0.913759,1.54597e-08,0.000518273,2.56416e-11,-0.323454,0.00119024
0.44054,0.913779,1.54346e-08,0.00051797,2.55201e-11,-0.323238,0.00118653
0.44055,0.913798,1.54096e-08,0.000517667,2.53993e-11,-0.323022,0.00118282
0.44056,0.913818,1.53848e-08,0.000517365,2.52793e-11,-0.322806,0.00117912
0.44057,0.913837,1.536e-08,0.000517063,2.51599e-11,-0.322591,0.00117542
0.44058,0.913856,1.53353e-08,0.000516762,2.50414e-11,-0.322375,0.00117173
0.44059,0.913876,1.53108e-08,0.000516461,2.49235e-11,-0.32216,0.00116805
0.4406,0.913895,1.52863e-08,0.00051616,2.48064e-11,-0.321945,0.00116438
0.44061,0.913914,1.5262e-08,0.000515859,2.469e-11,-0.32173,0.00116071
0.44062,0.913934,1.52377e-08,0.000515559,2.45743e-11,-0.321515,0.00115705
0.44063,0.913953,1.52136e-08,0.00051526,2.44593e-11,-0.321301,0.0011534
0.44064,0.913972,1.51895e-08,0.00051496,2.4345e-11,-0.321087,0.00114975
0.44065,0.913992,1.51656e-08,0.000514661,2.42314e-11,-0.320872,0.00114611
0.44066,0.914011,1.51417e-08,0.000514363,2.41186e-11,-0.320658,0.00114248
0.44067,0.91403,1.5118e-08,0.000514064,2.40064e-11,-0.320445,0.00113885
0.44068,0.91405,1.50943e-08,0.000513766,2.38949e-11,-0.320231,0.00113524
0.44069,0.914069,1.50708e-08,0.000513469,2.3784e-11,-0.320018,0.00113162
0.4407,0.914088,1.50474e-08,0.000513172,2.36739e-11,-0.319805,0.00112802
0.44071,0.914107,1.5024e-08,0.000512875,2.35644e-11,-0.319592,0.00112442
0.44072,0.914126,1.50008e-08,0.000512578,2.34556e-11,-0.319379,0.00112084
0.44073,0.914146,1.49776e-08,0.000512282,2.33475e-11,-0.319166,0.00111725
0.44074,0.914165,1.49546e-08,0.000511987,2.324e-11,-0.318954,0.00111368
0.44075,0.914051,1.63264e-08,0.000511698,1.85115e-11,-0.307629,0.000741208
0.44076,0.91407,1.63091e-08,0.000511407,1.84267e-11,-0.307436,0.000738224
0.44077,0.914089,1.62919e-08,0.000511116,1.83424e-11,-0.307243,0.000735251
0.44078,0.914108,1.62748e-08,0.000510825,1.82586e-11,-0.307051,0.000732288
0.44079,0.914127,1.62578e-08,0.000510535,1.81753e-11,-0.306859,0.000729336
0.4408,0.914146,1.62408e-08,0.000510245,1.80925e-11,-0.306667,0.000726394
0.44081,0.914166,1.62239e-08,0.000509956,1.80101e-11,-0.306475,0.000723463
0.44082,0.914185,1.62071e-08,0.000509667,1.79282e-11,-0.306284,0.000720543
0.44083,0.914204,1.61904e-08,0.000509378,1.78468e-11,-0.306092,0.000717633
0.44084,0.914223,1.61737e-08,0.000509089,1.77658e-11,-0.305901,0.000714734
0.44085,0.914242,1.61571e-08,0.000508801,1.76854e-11,-0.30571,0.000711845
0.44086,0.914261,1.61406e-08,0.000508513,1.76053e-11,-0.305519,0.000708967
0.44087,0.91428,1.61241e-08,0.000508226,1.75258e-11,-0.305329,0.0007061
0.44088,0.914299,1.61077e-08,0.000507939,1.74467e-11,-0.305138,0.000703243
0.44089,0.914318,1.60914e-08,0.000507652,1.7368e-11,-0.304948,0.000700396
0.4409,0.914337,1.60751e-08,0.000507365,1.72898e-11,-0.304758,0.00069756
0.44091,0.914356,1.60589e-08,0.000507079,1.7212e-11,-0.304568,0.000694735
0.44092,0.914375,1.60428e-08,0.000506793,1.71347e-11,-0.304378,0.00069192
0.44093,0.914394,1.60268e-08,0.000506508,1.70579e-11,-0.304189,0.000689115
0.44094,0.914413,1.60108e-08,0.000506223,1.69814e-11,-0.303999,0.000686321
0.44095,0.914432,1.59949e-08,0.000505938,1.69054e-11,-0.30381,0.000683537
0.44096,0.914451,1.5979e-08,0.000505653,1.68299e-11,-0.303621,0.000680764
0.44097,0.91447,1.59632e-08,0.000505369,1.67548e-11,-0.303432,0.000678
0.44098,0.914489,1.59475e-08,0.000505085,1.66801e-11,-0.303243,0.000675248
0.44099,0.914508,1.59318e-08,0.000504802,1.66058e-11,-0.303055,0.000672505
0.441,0.914527,1.59163e-08,0.000504519,1.65319e-11,-0.302866,0.000669773
0.44101,0.914546,1.59007e-08,0.000504236,1.64585e-11,-0.302678,0.000667051
0.44102,0.914565,1.58853e-08,0.000503953,1.63855e-11,-0.30249,0.000664339
0.44103,0.914584,1.58699e-08,0.000503671,1.63129e-11,-0.302302,0.000661637
0.44104,0.914603,1.58545e-08,0.000503389,1.62407e-11,-0.302115,0.000658946
0.44105,0.914621,1.58393e-08,0.000503107,1.61689e-11,-0.301927,0.000656265
0.44106,0.91464,1.5824e-08,0.000502826,1.60975e-11,-0.30174,0.000653594
0.44107,0.914659,1.58089e-08,0.000502545,1.60266e-11,-0.301553,0.000650933
0.44108,0.914678,1.57938e-08,0.000502265,1.5956e-11,-0.301366,0.000648282
0.44109,0.914697,1.57788e-08,0.000501984,1.58858e-11,-0.301179,0.000645642
0.4411,0.914716,1.57638e-08,0.000501704,1.58161e-11,-0.300992,0.000643011
0.44111,0.914734,1.57489e-08,0.000501425,1.57467e-11,-0.300806,0.00064039
0.44112,0.914753,1.57341e-08,0.000501145,1.56777e-11,-0.30062,0.00063778
0.44113,0.914772,1.57193e-08,0.000500866,1.56091e-11,-0.300434,0.000635179
0.44114,0.914791,1.57046e-08,0.000500587,1.55409e-11,-0.300248,0.000632589
0.44115,0.91481,1.56899e-08,0.000500309,1.54731e-11,-0.300062,0.000630008
0.44116,0.914828,1.56753e-08,0.000500031,1.54057e-11,-0.299876,0.000627437
0.44117,0.914847,1.56608e-08,0.000499753,1.53386e-11,-0.299691,0.000624876
0.44118,0.914866,1.56463e-08,0.000499476,1.52719e-11,-0.299506,0.000622326
0.44119,0.914884,1.56319e-08,0.000499199,1.52056e-11,-0.299321,0.000619784
0.4412,0.914903,1.56175e-08,0.000498922,1.51397e-11,-0.299136,0.000617253
0.44121,0.914922,1.56032e-08,0.000498645,1.50741e-11,-0.298951,0.000614732
0.44122,0.914941,1.55889e-08,0.000498369,1.50089e-11,-0.298766,0.00061222
0.44123,0.914959,1.55747e-08,0.000498093,1.49441e-11,-0.298582,0.000609718
0.44124,0.914978,1.55606e-08,0.000497818,1.48796e-11,-0.298398,0.000607226
0.44125,0.915288,6.31366e-09,0.000487321,7.78209e-12,-0.282365,0.000490933
0.44126,0.915307,6.30376e-09,0.000487065,7.75822e-12,-0.282124,0.000488165
0.44127,0.915325,6.2939e-09,0.00048681,7.7345e-12,-0.281885,0.000485415
0.44128,0.915343,6.28408e-09,0.000486555,7.71091e-12,-0.281646,0.000482682
0.44129,0.915361,6.27429e-09,0.0004863,7.68746e-12,-0.281407,0.000479967
0.4413,0.91538,6.26453e-09,0.000486046,7.66414e-12,-0.281169,0.000477269
0.44131,0.915398,6.25481e-09,0.000485791,7.64096e-12,-0.280931,0.000474588
0.44132,0.915416,6.24512e-09,0.000485538,7.61791e-12,-0.280693,0.000471924
0.44133,0.915434,6.23546e-09,0.000485284,7.595e-12,-0.280456,0.000469277
0.44134,0.915452,6.22584e-09,0.000485031,7.57221e-12,-0.28022,0.000466647
0.44135,0.915471,6.21626e-09,0.000484778,7.54956e-12,-0.279984,0.000464034
0.44136,0.915489,6.20671e-09,0.000484525,7.52703e-12,-0.279749,0.000461438
0.44137,0.915507,6.19719e-09,0.000484272,7.50464e-12,-0.279514,0.000458858
0.44138,0.915525,6.1877e-09,0.00048402,7.48237e-12,-0.279279,0.000456294
0.44139,0.915543,6.17825e-09,0.000483768,7.46022e-12,-0.279045,0.000453747
0.4414,0.915561,6.16883e-09,0.000483517,7.43821e-12,-0.278811,0.000451216
0.44141,0.91558,6.15945e-09,0.000483265,7.41632e-12,-0.278578,0.000448701
0.44142,0.915598,6.15009e-09,0.000483014,7.39455e-12,-0.278345,0.000446203
0.44143,0.915616,6.14077e-09,0.000482763,7.37291e-12,-0.278113,0.00044372
0.44144,0.915634,6.13149e-09,0.000482513,7.35139e-12,-0.277881,0.000441253
0.44145,0.915652,6.12223e-09,0.000482262,7.32999e-12,-0.277649,0.000438802
0.44146,0.91567,6.11301e-09,0.000482012,7.30871e-12,-0.277418,0.000436367
0.44147,0.915688,6.10382e-09,0.000481763,7.28755e-12,-0.277188,0.000433948
0.44148,0.915706,6.09467e-09,0.000481513,7.26651e-12,-0.276958,0.000431543
0.44149,0.915724,6.08554e-09,0.000481264,7.24558e-12,-0.276728,0.000429155
0.4415,0.915742,6.07645e-09,0.000481015,7.22478e-12,-0.276499,0.000426781
0.44151,0.91576,6.06739e-09,0.000480766,7.20409e-12,-0.27627,0.000424423
0.44152,0.915778,6.05836e-09,0.000480518,7.18352e-12,-0.276042,0.00042208
0.44153,0.915796,6.04936e-09,0.00048027,7.16306e-12,-0.275814,0.000419752
0.44154,0.915814,6.0404e-09,0.000480022,7.14271e-12,-0.275586,0.000417439
0.44155,0.915832,6.03147e-09,0.000479774,7.12248e-12,-0.275359,0.000415141
0.44156,0.91585,6.02256e-09,0.000479527,7.10236e-12,-0.275133,0.000412857
0.44157,0.915868,6.01369e-09,0.00047928,7.08236e-12,-0.274907,0.000410589
0.44158,0.915886,6.00485e-09,0.000479033,7.06246e-12,-0.274681,0.000408334
0.44159,0.915904,5.99604e-09,0.000478787,7.04267e-12,-0.274456,0.000406095
0.4416,0.915922,5.98727e-09,0.00047854,7.023e-12,-0.274231,0.000403869
0.44161,0.91594,5.97852e-09,0.000478294,7.00343e-12,-0.274006,0.000401658
0.44162,0.915958,5.9698e-09,0.000478049,6.98397e-12,-0.273782,0.000399462
0.44163,0.915976,5.96112e-09,0.000477803,6.96461e-12,-0.273559,0.000397279
0.44164,0.915994,5.95246e-09,0.000477558,6.94536e-12,-0.273336,0.00039511
0.44165,0.916012,5.94384e-09,0.000477313,6.92622e-12,-0.273113,0.000392956
0.44166,0.91603,5.93524e-09,0.000477068,6.90719e-12,-0.272891,0.000390815
0.44167,0.916048,5.92668e-09,0.000476824,6.88825e-12,-0.272669,0.000388688
0.44168,0.916065,5.91815e-09,0.00047658,6.86942e-12,-0.272448,0.000386574
0.44169,0.916083,5.90964e-09,0.000476336,6.85069e-12,-0.272227,0.000384475
0.4417,0.916101,5.90117e-09,0.000476092,6.83207e-12,-0.272006,0.000382389
0.44171,0.916119,5.89273e-09,0.000475849,6.81355e-12,-0.271786,0.000380316
0.44172,0.916137,5.88431e-09,0.000475606,6.79512e-12,-0.271566,0.000378256
0.44173,0.916155,5.87593e-09,0.000475363,6.7768e-12,-0.271347,0.00037621
0.44174,0.916173,5.86757e-09,0.00047512,6.75857e-12,-0.271128,0.000374177
0.44175,0.916309,7.79258e-09,0.000478648,8.56297e-12,-0.256014,0.000305593
0.44176,0.916327,7.78105e-09,0.000478403,8.53821e-12,-0.255851,0.000304073
0.44177,0.916345,7.76956e-09,0.000478159,8.51356e-12,-0.255688,0.000302561
0.44178,0.916363,7.7581e-09,0.000477915,8.48903e-12,-0.255525,0.000301057
0.44179,0.916381,7.74668e-09,0.000477671,8.4646e-12,-0.255363,0.000299561
0.4418,0.916399,7.73529e-09,0.000477428,8.44029e-12,-0.255201,0.000298073
0.44181,0.916416,7.72394e-09,0.000477185,8.41608e-12,-0.25504,0.000296594
0.44182,0.916434,7.71262e-09,0.000476942,8.39199e-12,-0.254878,0.000295122
0.44183,0.916452,7.70134e-09,0.000476699,8.368e-12,-0.254717,0.000293659
0.44184,0.91647,7.69009e-09,0.000476456,8.34412e-12,-0.254556,0.000292204
0.44185,0.916488,7.67888e-09,0.000476214,8.32035e-12,-0.254395,0.000290756
0.44186,0.916506,7.6677e-09,0.000475972,8.29668e-12,-0.254235,0.000289316
0.44187,0.916524,7.65655e-09,0.00047573,8.27312e-12,-0.254075,0.000287885
0.44188,0.916541,7.64544e-09,0.000475489,8.24966e-12,-0.253915,0.000286461
0.44189,0.916559,7.63437e-09,0.000475248,8.22631e-12,-0.253755,0.000285044
0.4419,0.916577,7.62333e-09,0.000475007,8.20306e-12,-0.253596,0.000283636
0.44191,0.916595,7.61232e-09,0.000474766,8.17992e-12,-0.253437,0.000282235
0.44192,0.916613,7.60135e-09,0.000474525,8.15688e-12,-0.253278,0.000280842
0.44193,0.916631,7.59041e-09,0.000474285,8.13394e-12,-0.253119,0.000279457
0.44194,0.916648,7.5795e-09,0.000474045,8.1111e-12,-0.252961,0.000278079
0.44195,0.916666,7.56863e-09,0.000473805,8.08837e-12,-0.252803,0.000276709
0.44196,0.916684,7.55779e-09,0.000473566,8.06573e-12,-0.252645,0.000275347
0.44197,0.916702,7.54699e-09,0.000473326,8.0432e-12,-0.252487,0.000273991
0.44198,0.916719,7.53621e-09,0.000473087,8.02077e-12,-0.25233,0.000272644
0.44199,0.916737,7.52547e-09,0.000472848,7.99843e-12,-0.252173,0.000271304
0.442,0.916755,7.51477e-09,0.00047261,7.97619e-12,-0.252016,0.000269971
0.44201,0.916773,7.5041e-09,0.000472371,7.95406e-12,-0.251859,0.000268645
0.44202,0.91679,7.49345e-09,0.000472133,7.93201e-12,-0.251703,0.000267327
0.44203,0.916808,7.48285e-09,0.000471895,7.91007e-12,-0.251547,0.000266016
0.44204,0.916826,7.47227e-09,0.000471658,7.88822e-12,-0.251391,0.000264713
0.44205,0.916843,7.46173e-09,0.00047142,7.86647e-12,-0.251235,0.000263416
0.44206,0.916861,7.45122e-09,0.000471183,7.84482e-12,-0.25108,0.000262127
0.44207,0.916879,7.44074e-09,0.000470946,7.82326e-12,-0.250925,0.000260845
0.44208,0.916896,7.43029e-09,0.000470709,7.80179e-12,-0.25077,0.00025957
0.44209,0.916914,7.41988e-09,0.000470473,7.78042e-12,-0.250615,0.000258302
0.4421,0.916932,7.4095e-09,0.000470237,7.75914e-12,-0.250461,0.000257041
0.44211,0.916949,7.39915e-09,0.000470001,7.73795e-12,-0.250307,0.000255787
0.44212,0.916967,7.38883e-09,0.000469765,7.71686e-12,-0.250153,0.000254541
0.44213,0.916984,7.37854e-09,0.000469529,7.69586e-12,-0.249999,0.000253301
0.44214,0.917002,7.36829e-09,0.000469294,7.67495e-12,-0.249846,0.000252068
0.44215,0.91702,7.35806e-09,0.000469059,7.65413e-12,-0.249693,0.000250842
0.44216,0.917037,7.34787e-09,0.000468824,7.6334e-12,-0.24954,0.000249622
0.44217,0.917055,7.33771e-09,0.000468589,7.61276e-12,-0.249387,0.00024841
0.44218,0.917072,7.32758e-09,0.000468355,7.59222e-12,-0.249234,0.000247204
0.44219,0.91709,7.31748e-09,0.000468121,7.57176e-12,-0.249082,0.000246005
0.4422,0.917107,7.30741e-09,0.000467887,7.55139e-12,-0.24893,0.000244813
0.44221,0.917125,7.29737e-09,0.000467653,7.5311e-12,-0.248779,0.000243627
0.44222,0.917143,7.28736e-09,0.000467419,7.51091e-12,-0.248627,0.000242449
0.44223,0.91716,7.27738e-09,0.000467186,7.4908e-12,-0.248476,0.000241276
0.44224,0.917178,7.26744e-09,0.000466953,7.47078e-12,-0.248325,0.00024011
0.44225,0.917534,1.73241e-08,0.000470992,1.7957e-11,-0.309722,0.00101718
0.44226,0.917551,1.72944e-08,0.000470741,1.78851e-11,-0.309474,0.00101322
0.44227,0.917569,1.72648e-08,0.000470489,1.78136e-11,-0.309227,0.00100927
0.44228,0.917587,1.72353e-08,0.000470238,1.77425e-11,-0.308979,0.00100534
0.44229,0.917604,1.72059e-08,0.000469988,1.76717e-11,-0.308732,0.00100142
0.4423,0.917622,1.71766e-08,0.000469737,1.76014e-11,-0.308485,0.00099752
0.44231,0.917639,1.71473e-08,0.000469487,1.75314e-11,-0.308239,0.000993629
0.44232,0.917657,1.71182e-08,0.000469237,1.74618e-11,-0.307993,0.000989752
0.44233,0.917675,1.70892e-08,0.000468988,1.73926e-11,-0.307747,0.000985888
0.44234,0.917692,1.70603e-08,0.000468738,1.73238e-11,-0.307502,0.000982037
0.44235,0.91771,1.70315e-08,0.000468489,1.72554e-11,-0.307256,0.000978201
0.44236,0.917727,1.70028e-08,0.000468241,1.71873e-11,-0.307012,0.000974377
0.44237,0.917745,1.69742e-08,0.000467992,1.71196e-11,-0.306767,0.000970567
0.44238,0.917762,1.69457e-08,0.000467744,1.70522e-11,-0.306523,0.000966771
0.44239,0.91778,1.69173e-08,0.000467496,1.69853e-11,-0.306279,0.000962988
0.4424,0.917797,1.6889e-08,0.000467249,1.69187e-11,-0.306036,0.000959218
0.44241,0.917815,1.68607e-08,0.000467001,1.68524e-11,-0.305793,0.000955461
0.44242,0.917832,1.68326e-08,0.000466754,1.67865e-11,-0.30555,0.000951718
0.44243,0.91785,1.68046e-08,0.000466508,1.6721e-11,-0.305308,0.000947988
0.44244,0.917867,1.67767e-08,0.000466261,1.66558e-11,-0.305066,0.000944271
0.44245,0.917885,1.67488e-08,0.000466015,1.6591e-11,-0.304824,0.000940568
0.44246,0.917902,1.67211e-08,0.000465769,1.65265e-11,-0.304583,0.000936878
0.44247,0.91792,1.66934e-08,0.000465524,1.64624e-11,-0.304342,0.000933201
0.44248,0.917937,1.66659e-08,0.000465278,1.63986e-11,-0.304101,0.000929537
0.44249,0.917955,1.66384e-08,0.000465033,1.63351e-11,-0.303861,0.000925886
0.4425,0.917972,1.66111e-08,0.000464788,1.6272e-11,-0.30362,0.000922248
0.44251,0.91799,1.65838e-08,0.000464544,1.62093e-11,-0.303381,0.000918624
0.44252,0.918007,1.65566e-08,0.0004643,1.61469e-11,-0.303141,0.000915012
0.44253,0.918024,1.65295e-08,0.000464056,1.60848e-11,-0.302902,0.000911414
0.44254,0.918042,1.65025e-08,0.000463812,1.6023e-11,-0.302664,0.000907828
0.44255,0.918059,1.64756e-08,0.000463569,1.59616e-11,-0.302425,0.000904256
0.44256,0.918077,1.64488e-08,0.000463326,1.59005e-11,-0.302187,0.000900697
0.44257,0.918094,1.64221e-08,0.000463083,1.58397e-11,-0.301949,0.00089715
0.44258,0.918111,1.63954e-08,0.00046284,1.57793e-11,-0.301712,0.000893616
0.44259,0.918129,1.63689e-08,0.000462598,1.57192e-11,-0.301475,0.000890095
0.4426,0.918146,1.63424e-08,0.000462356,1.56594e-11,-0.301238,0.000886587
0.44261,0.918163,1.6316e-08,0.000462114,1.55999e-11,-0.301002,0.000883092
0.44262,0.918181,1.62898e-08,0.000461873,1.55408e-11,-0.300766,0.00087961
0.44263,0.918198,1.62636e-08,0.000461631,1.54819e-11,-0.30053,0.00087614
0.44264,0.918215,1.62375e-08,0.00046139,1.54234e-11,-0.300294,0.000872684
0.44265,0.918233,1.62114e-08,0.00046115,1.53652e-11,-0.300059,0.00086924
0.44266,0.91825,1.61855e-08,0.000460909,1.53073e-11,-0.299824,0.000865808
0.44267,0.918267,1.61597e-08,0.000460669,1.52497e-11,-0.29959,0.000862389
0.44268,0.918284,1.61339e-08,0.000460429,1.51925e-11,-0.299356,0.000858983
0.44269,0.918302,1.61082e-08,0.00046019,1.51355e-11,-0.299122,0.00085559
0.4427,0.918319,1.60827e-08,0.00045995,1.50788e-11,-0.298889,0.000852209
0.44271,0.918336,1.60572e-08,0.000459711,1.50224e-11,-0.298655,0.00084884
0.44272,0.918353,1.60317e-08,0.000459472,1.49664e-11,-0.298423,0.000845484
0.44273,0.918371,1.60064e-08,0.000459234,1.49106e-11,-0.29819,0.000842141
0.44274,0.918388,1.59812e-08,0.000458996,1.48551e-11,-0.297958,0.00083881
0.44275,0.918376,8.82081e-09,0.000455264,1.32627e-11,-0.238161,0.000505304
0.44276,0.918393,8.80845e-09,0.000455042,1.32166e-11,-0.238057,0.000503504
0.44277,0.91841,8.79613e-09,0.00045482,1.31707e-11,-0.237954,0.000501709
0.44278,0.918427,8.78387e-09,0.000454599,1.31251e-11,-0.237851,0.000499918
0.44279,0.918444,8.77165e-09,0.000454378,1.30796e-11,-0.237748,0.000498133
0.4428,0.918461,8.75949e-09,0.000454157,1.30344e-11,-0.237646,0.000496353
0.44281,0.918478,8.74738e-09,0.000453936,1.29894e-11,-0.237543,0.000494578
0.44282,0.918495,8.73531e-09,0.000453716,1.29446e-11,-0.23744,0.000492808
0.44283,0.918512,8.7233e-09,0.000453495,1.29001e-11,-0.237337,0.000491043
0.44284,0.918529,8.71134e-09,0.000453275,1.28557e-11,-0.237235,0.000489283
0.44285,0.918546,8.69942e-09,0.000453055,1.28116e-11,-0.237132,0.000487528
0.44286,0.918563,8.68756e-09,0.000452836,1.27677e-11,-0.23703,0.000485778
0.44287,0.91858,8.67574e-09,0.000452616,1.2724e-11,-0.236927,0.000484034
0.44288,0.918597,8.66398e-09,0.000452397,1.26805e-11,-0.236825,0.000482294
0.44289,0.918614,8.65226e-09,0.000452178,1.26372e-11,-0.236723,0.000480559
0.4429,0.918631,8.64059e-09,0.000451959,1.25941e-11,-0.236621,0.00047883
0.44291,0.918648,8.62897e-09,0.00045174,1.25513e-11,-0.236519,0.000477105
0.44292,0.918665,8.61739e-09,0.000451522,1.25086e-11,-0.236417,0.000475386
0.44293,0.918682,8.60587e-09,0.000451304,1.24662e-11,-0.236315,0.000473671
0.44294,0.918699,8.59439e-09,0.000451086,1.24239e-11,-0.236213,0.000471962
0.44295,0.918716,8.58296e-09,0.000450868,1.23819e-11,-0.236111,0.000470258
0.44296,0.918733,8.57158e-09,0.00045065,1.234e-11,-0.236009,0.000468558
0.44297,0.91875,8.56024e-09,0.000450433,1.22984e-11,-0.235908,0.000466864
0.44298,0.918766,8.54895e-09,0.000450215,1.22569e-11,-0.235806,0.000465175
0.44299,0.918783,8.5377e-09,0.000449998,1.22157e-11,-0.235705,0.000463491
0.443,0.9188,8.52651e-09,0.000449781,1.21746e-11,-0.235603,0.000461812
0.44301,0.918817,8.51536e-09,0.000449565,1.21338e-11,-0.235502,0.000460138
0.44302,0.918834,8.50425e-09,0.000449348,1.20931e-11,-0.2354,0.000458469
0.44303,0.918851,8.49319e-09,0.000449132,1.20527e-11,-0.235299,0.000456805
0.44304,0.918868,8.48218e-09,0.000448916,1.20124e-11,-0.235198,0.000455146
0.44305,0.918884,8.47121e-09,0.0004487,1.19723e-11,-0.235097,0.000453492
0.44306,0.918901,8.46028e-09,0.000448484,1.19325e-11,-0.234996,0.000451843
0.44307,0.918918,8.44941e-09,0.000448269,1.18928e-11,-0.234895,0.000450199
0.44308,0.918935,8.43857e-09,0.000448054,1.18533e-11,-0.234794,0.000448561
0.44309,0.918952,8.42778e-09,0.000447839,1.1814e-11,-0.234693,0.000446927
0.4431,0.918968,8.41704e-09,0.000447624,1.17748e-11,-0.234593,0.000445298
0.44311,0.918985,8.40634e-09,0.000447409,1.17359e-11,-0.234492,0.000443675
0.44312,0.919002,8.39568e-09,0.000447195,1.16971e-11,-0.234391,0.000442056
0.44313,0.919019,8.38507e-09,0.000446981,1.16586e-11,-0.234291,0.000440442
0.44314,0.919035,8.3745e-09,0.000446766,1.16202e-11,-0.23419,0.000438834
0.44315,0.919052,8.36397e-09,0.000446553,1.1582e-11,-0.23409,0.00043723
0.44316,0.919069,8.35349e-09,0.000446339,1.1544e-11,-0.23399,0.000435631
0.44317,0.919086,8.34305e-09,0.000446125,1.15061e-11,-0.233889,0.000434038
0.44318,0.919102,8.33265e-09,0.000445912,1.14684e-11,-0.233789,0.000432449
0.44319,0.919119,8.3223e-09,0.000445699,1.1431e-11,-0.233689,0.000430865
0.4432,0.919136,8.31198e-09,0.000445486,1.13936e-11,-0.233589,0.000429287
0.44321,0.919153,8.30171e-09,0.000445274,1.13565e-11,-0.233489,0.000427713
0.44322,0.919169,8.29149e-09,0.000445061,1.13196e-11,-0.233389,0.000426145
0.44323,0.919186,8.2813e-09,0.000444849,1.12828e-11,-0.23329,0.000424581
0.44324,0.919203,8.27116e-09,0.000444637,1.12462e-11,-0.23319,0.000423022
0.44325,0.919372,1.01823e-08,0.000445632,1.29423e-11,-0.242847,0.000336685
0.44326,0.919389,1.01669e-08,0.000445419,1.29021e-11,-0.242761,0.000335712
0.44327,0.919406,1.01517e-08,0.000445206,1.2862e-11,-0.242675,0.000334742
0.44328,0.919423,1.01364e-08,0.000444994,1.28222e-11,-0.24259,0.000333775
0.44329,0.919439,1.01213e-08,0.000444781,1.27825e-11,-0.242504,0.000332812
0.4433,0.919456,1.01061e-08,0.000444569,1.27429e-11,-0.242418,0.000331852
0.44331,0.919473,1.00911e-08,0.000444357,1.27035e-11,-0.242332,0.000330895
0.44332,0.919489,1.00761e-08,0.000444146,1.26643e-11,-0.242245,0.000329941
0.44333,0.919506,1.00611e-08,0.000443934,1.26253e-11,-0.242159,0.000328991
0.44334,0.919522,1.00462e-08,0.000443723,1.25864e-11,-0.242072,0.000328043
0.44335,0.919539,1.00313e-08,0.000443512,1.25476e-11,-0.241986,0.000327099
0.44336,0.919556,1.00165e-08,0.000443301,1.25091e-11,-0.241899,0.000326158
0.44337,0.919572,1.00018e-08,0.00044309,1.24706e-11,-0.241812,0.00032522
0.44338,0.919589,9.98709e-09,0.00044288,1.24324e-11,-0.241725,0.000324286
0.44339,0.919606,9.97245e-09,0.000442669,1.23943e-11,-0.241638,0.000323354
0.4434,0.919622,9.95786e-09,0.000442459,1.23563e-11,-0.241551,0.000322426
0.44341,0.919639,9.94332e-09,0.000442249,1.23185e-11,-0.241463,0.0003215
0.44342,0.919655,9.92883e-09,0.00044204,1.22809e-11,-0.241376,0.000320578
0.44343,0.919672,9.91439e-09,0.00044183,1.22434e-11,-0.241288,0.000319659
0.44344,0.919688,9.9e-09,0.000441621,1.22061e-11,-0.2412,0.000318743
0.44345,0.919705,9.88567e-09,0.000441412,1.21689e-11,-0.241112,0.000317831
0.44346,0.919722,9.87138e-09,0.000441203,1.21319e-11,-0.241024,0.000316921
0.44347,0.919738,9.85715e-09,0.000440994,1.2095e-11,-0.240936,0.000316014
0.44348,0.919755,9.84297e-09,0.000440785,1.20583e-11,-0.240848,0.000315111
0.44349,0.919771,9.82884e-09,0.000440577,1.20218e-11,-0.240759,0.00031421
0.4435,0.919788,9.81475e-09,0.000440369,1.19853e-11,-0.240671,0.000313313
0.44351,0.919804,9.80072e-09,0.000440161,1.19491e-11,-0.240582,0.000312418
0.44352,0.919821,9.78674e-09,0.000439953,1.1913e-11,-0.240494,0.000311527
0.44353,0.919837,9.7728e-09,0.000439746,1.1877e-11,-0.240405,0.000310639
0.44354,0.919854,9.75892e-09,0.000439538,1.18412e-11,-0.240316,0.000309754
0.44355,0.91987,9.74509e-09,0.000439331,1.18055e-11,-0.240227,0.000308872
0.44356,0.919887,9.7313e-09,0.000439124,1.177e-11,-0.240137,0.000307992
0.44357,0.919903,9.71756e-09,0.000438917,1.17346e-11,-0.240048,0.000307116
0.44358,0.91992,9.70387e-09,0.000438711,1.16994e-11,-0.239959,0.000306243
0.44359,0.919936,9.69023e-09,0.000438505,1.16643e-11,-0.239869,0.000305373
0.4436,0.919952,9.67664e-09,0.000438298,1.16293e-11,-0.239779,0.000304506
0.44361,0.919969,9.6631e-09,0.000438092,1.15945e-11,-0.23969,0.000303642
0.44362,0.919985,9.6496e-09,0.000437887,1.15599e-11,-0.2396,0.000302781
0.44363,0.920002,9.63616e-09,0.000437681,1.15253e-11,-0.23951,0.000301923
0.44364,0.920018,9.62276e-09,0.000437476,1.1491e-11,-0.23942,0.000301067
0.44365,0.920035,9.60941e-09,0.00043727,1.14567e-11,-0.23933,0.000300215
0.44366,0.920051,9.5961e-09,0.000437065,1.14226e-11,-0.239239,0.000299366
0.44367,0.920067,9.58284e-09,0.000436861,1.13887e-11,-0.239149,0.000298519
0.44368,0.920084,9.56963e-09,0.000436656,1.13549e-11,-0.239058,0.000297676
0.44369,0.9201,9.55647e-09,0.000436452,1.13212e-11,-0.238968,0.000296836
0.4437,0.920116,9.54335e-09,0.000436247,1.12876e-11,-0.238877,0.000295998
0.44371,0.920133,9.53028e-09,0.000436043,1.12542e-11,-0.238786,0.000295163
0.44372,0.920149,9.51726e-09,0.000435839,1.1221e-11,-0.238695,0.000294332
0.44373,0.920165,9.50428e-09,0.000435636,1.11878e-11,-0.238604,0.000293503
0.44374,0.920182,9.49135e-09,0.000435432,1.11549e-11,-0.238513,0.000292677
0.44375,0.920472,3.99779e-09,0.000432286,6.54021e-12,-0.231035,0.000209884
0.44376,0.920488,3.99223e-09,0.000432084,6.52117e-12,-0.230922,0.000209077
0.44377,0.920505,3.9867e-09,0.000431883,6.5022e-12,-0.230808,0.000208274
0.44378,0.920521,3.9812e-09,0.000431682,6.4833e-12,-0.230695,0.000207475
0.44379,0.920537,3.97572e-09,0.000431481,6.46449e-12,-0.230582,0.000206679
0.4438,0.920553,3.97026e-09,0.00043128,6.44576e-12,-0.23047,0.000205886
0.44381,0.920569,3.96483e-09,0.00043108,6.42711e-12,-0.230357,0.000205098
0.44382,0.920585,3.95942e-09,0.000430879,6.40853e-12,-0.230244,0.000204312
0.44383,0.920602,3.95404e-09,0.000430679,6.39003e-12,-0.230132,0.000203531
0.44384,0.920618,3.94868e-09,0.000430479,6.37161e-12,-0.23002,0.000202752
0.44385,0.920634,3.94335e-09,0.000430279,6.35326e-12,-0.229907,0.000201978
0.44386,0.92065,3.93804e-09,0.00043008,6.33499e-12,-0.229795,0.000201206
0.44387,0.920666,3.93276e-09,0.00042988,6.3168e-12,-0.229683,0.000200439
0.44388,0.920682,3.9275e-09,0.000429681,6.29868e-12,-0.229572,0.000199674
0.44389,0.920698,3.92227e-09,0.000429482,6.28064e-12,-0.22946,0.000198914
0.4439,0.920714,3.91706e-09,0.000429283,6.26267e-12,-0.229348,0.000198156
0.44391,0.920731,3.91187e-09,0.000429084,6.24478e-12,-0.229237,0.000197402
0.44392,0.920747,3.90671e-09,0.000428885,6.22696e-12,-0.229126,0.000196652
0.44393,0.920763,3.90157e-09,0.000428687,6.20922e-12,-0.229014,0.000195904
0.44394,0.920779,3.89645e-09,0.000428489,6.19154e-12,-0.228903,0.000195161
0.44395,0.920795,3.89136e-09,0.000428291,6.17395e-12,-0.228792,0.00019442
0.44396,0.920811,3.88629e-09,0.000428093,6.15642e-12,-0.228682,0.000193683
0.44397,0.920827,3.88125e-09,0.000427895,6.13897e-12,-0.228571,0.000192949
0.44398,0.920843,3.87623e-09,0.000427698,6.12159e-12,-0.22846,0.000192219
0.44399,0.920859,3.87123e-09,0.0004275,6.10428e-12,-0.22835,0.000191491
0.444,0.920875,3.86626e-09,0.000427303,6.08704e-12,-0.22824,0.000190767
0.44401,0.920891,3.86131e-09,0.000427106,6.06988e-12,-0.228129,0.000190047
0.44402,0.920907,3.85638e-09,0.000426909,6.05278e-12,-0.228019,0.000189329
0.44403,0.920923,3.85148e-09,0.000426713,6.03576e-12,-0.227909,0.000188615
0.44404,0.920939,3.8466e-09,0.000426516,6.0188e-12,-0.2278,0.000187904
0.44405,0.920955,3.84174e-09,0.00042632,6.00192e-12,-0.22769,0.000187196
0.44406,0.920971,3.8369e-09,0.000426124,5.9851e-12,-0.22758,0.000186492
0.44407,0.920987,3.83209e-09,0.000425928,5.96835e-12,-0.227471,0.000185791
0.44408,0.921003,3.8273e-09,0.000425732,5.95168e-12,-0.227362,0.000185092
0.44409,0.921019,3.82253e-09,0.000425537,5.93507e-12,-0.227253,0.000184397
0.4441,0.921035,3.81779e-09,0.000425341,5.91853e-12,-0.227143,0.000183706
0.44411,0.921051,3.81307e-09,0.000425146,5.90205e-12,-0.227035,0.000183017
0.44412,0.921067,3.80837e-09,0.000424951,5.88565e-12,-0.226926,0.000182331
0.44413,0.921083,3.80369e-09,0.000424756,5.86931e-12,-0.226817,0.000181649
0.44414,0.921099,3.79904e-09,0.000424561,5.85304e-12,-0.226708,0.000180969
0.44415,0.921115,3.7944e-09,0.000424367,5.83683e-12,-0.2266,0.000180293
0.44416,0.921131,3.78979e-09,0.000424172,5.82069e-12,-0.226492,0.00017962
0.44417,0.921146,3.7852e-09,0.000423978,5.80462e-12,-0.226384,0.000178949
0.44418,0.921162,3.78064e-09,0.000423784,5.78861e-12,-0.226275,0.000178282
0.44419,0.921178,3.77609e-09,0.00042359,5.77267e-12,-0.226168,0.000177618
0.4442,0.921194,3.77157e-09,0.000423396,5.7568e-12,-0.22606,0.000176957
0.44421,0.92121,3.76707e-09,0.000423203,5.74098e-12,-0.225952,0.000176299
0.44422,0.921226,3.76259e-09,0.00042301,5.72524e-12,-0.225844,0.000175643
0.44423,0.921242,3.75813e-09,0.000422816,5.70955e-12,-0.225737,0.000174991
0.44424,0.921258,3.75369e-09,0.000422623,5.69393e-12,-0.22563,0.000174342
0.44425,0.921366,8.23642e-09,0.000422493,1.21959e-11,-0.289667,0.000910146
0.44426,0.921382,8.22604e-09,0.00042229,1.21553e-11,-0.289385,0.000906371
0.44427,0.921398,8.2157e-09,0.000422088,1.2115e-11,-0.289104,0.000902608
0.44428,0.921414,8.20542e-09,0.000421886,1.20748e-11,-0.288824,0.000898857
0.44429,0.921429,8.19518e-09,0.000421684,1.20349e-11,-0.288544,0.000895119
0.4443,0.921445,8.185e-09,0.000421483,1.19952e-11,-0.288264,0.000891394
0.44431,0.921461,8.17487e-09,0.000421281,1.19556e-11,-0.287985,0.000887682
0.44432,0.921477,8.16478e-09,0.00042108,1.19163e-11,-0.287706,0.000883982
0.44433,0.921493,8.15474e-09,0.000420879,1.18771e-11,-0.287428,0.000880294
0.44434,0.921508,8.14476e-09,0.000420678,1.18382e-11,-0.28715,0.000876619
0.44435,0.921524,8.13482e-09,0.000420478,1.17995e-11,-0.286873,0.000872957
0.44436,0.92154,8.12493e-09,0.000420277,1.17609e-11,-0.286596,0.000869307
0.44437,0.921556,8.11509e-09,0.000420077,1.17225e-11,-0.286319,0.00086567
0.44438,0.921571,8.10529e-09,0.000419877,1.16844e-11,-0.286043,0.000862045
0.44439,0.921587,8.09555e-09,0.000419677,1.16464e-11,-0.285768,0.000858433
0.4444,0.921603,8.08585e-09,0.000419478,1.16086e-11,-0.285492,0.000854833
0.44441,0.921619,8.0762e-09,0.000419279,1.1571e-11,-0.285217,0.000851246
0.44442,0.921634,8.0666e-09,0.00041908,1.15336e-11,-0.284943,0.000847671
0.44443,0.92165,8.05704e-09,0.000418881,1.14964e-11,-0.284669,0.000844109
0.44444,0.921666,8.04753e-09,0.000418682,1.14594e-11,-0.284396,0.000840559
0.44445,0.921681,8.03807e-09,0.000418484,1.14225e-11,-0.284123,0.000837022
0.44446,0.921697,8.02865e-09,0.000418285,1.13859e-11,-0.28385,0.000833497
0.44447,0.921713,8.01929e-09,0.000418087,1.13494e-11,-0.283578,0.000829984
0.44448,0.921729,8.00996e-09,0.00041789,1.13131e-11,-0.283306,0.000826484
0.44449,0.921744,8.00068e-09,0.000417692,1.1277e-11,-0.283035,0.000822996
0.4445,0.92176,7.99145e-09,0.000417495,1.1241e-11,-0.282764,0.00081952
0.44451,0.921775,7.98227e-09,0.000417297,1.12053e-11,-0.282493,0.000816057
0.44452,0.921791,7.97312e-09,0.0004171,1.11697e-11,-0.282223,0.000812606
0.44453,0.921807,7.96403e-09,0.000416904,1.11343e-11,-0.281953,0.000809168
0.44454,0.921822,7.95498e-09,0.000416707,1.1099e-11,-0.281684,0.000805741
0.44455,0.921838,7.94597e-09,0.000416511,1.1064e-11,-0.281415,0.000802327
0.44456,0.921854,7.93701e-09,0.000416315,1.10291e-11,-0.281147,0.000798926
0.44457,0.921869,7.92809e-09,0.000416119,1.09943e-11,-0.280879,0.000795536
0.44458,0.921885,7.91922e-09,0.000415923,1.09598e-11,-0.280612,0.000792159
0.44459,0.9219,7.91039e-09,0.000415727,1.09254e-11,-0.280345,0.000788794
0.4446,0.921916,7.90161e-09,0.000415532,1.08912e-11,-0.280078,0.000785441
0.44461,0.921932,7.89286e-09,0.000415337,1.08572e-11,-0.279812,0.0007821
0.44462,0.921947,7.88417e-09,0.000415142,1.08233e-11,-0.279546,0.000778772
0.44463,0.921963,7.87551e-09,0.000414947,1.07896e-11,-0.279281,0.000775455
0.44464,0.921978,7.8669e-09,0.000414753,1.0756e-11,-0.279016,0.000772151
0.44465,0.921994,7.85833e-09,0.000414558,1.07226e-11,-0.278751,0.000768859
0.44466,0.922009,7.8498e-09,0.000414364,1.06894e-11,-0.278487,0.000765579
0.44467,0.922025,7.84132e-09,0.00041417,1.06563e-11,-0.278223,0.000762311
0.44468,0.92204,7.83288e-09,0.000413977,1.06234e-11,-0.27796,0.000759055
0.44469,0.922056,7.82448e-09,0.000413783,1.05907e-11,-0.277697,0.000755811
0.4447,0.922071,7.81612e-09,0.00041359,1.05581e-11,-0.277435,0.000752579
0.44471,0.922087,7.80781e-09,0.000413397,1.05257e-11,-0.277173,0.000749359
0.44472,0.922102,7.79954e-09,0.000413204,1.04934e-11,-0.276912,0.000746151
0.44473,0.922118,7.7913e-09,0.000413011,1.04613e-11,-0.27665,0.000742954
0.44474,0.922133,7.78311e-09,0.000412819,1.04293e-11,-0.27639,0.00073977
